-- MySQL dump 10.13  Distrib 8.0.33, for Linux (x86_64)
--
-- Host: localhost    Database: school_library_system
-- ------------------------------------------------------
-- Server version	8.0.33-0ubuntu0.22.04.2

/*!40101 SET @OLD_CHARACTER_SET_CLIENT=@@CHARACTER_SET_CLIENT */;
/*!40101 SET @OLD_CHARACTER_SET_RESULTS=@@CHARACTER_SET_RESULTS */;
/*!40101 SET @OLD_COLLATION_CONNECTION=@@COLLATION_CONNECTION */;
/*!50503 SET NAMES utf8mb4 */;
/*!40103 SET @OLD_TIME_ZONE=@@TIME_ZONE */;
/*!40103 SET TIME_ZONE='+00:00' */;
/*!40014 SET @OLD_UNIQUE_CHECKS=@@UNIQUE_CHECKS, UNIQUE_CHECKS=0 */;
/*!40014 SET @OLD_FOREIGN_KEY_CHECKS=@@FOREIGN_KEY_CHECKS, FOREIGN_KEY_CHECKS=0 */;
/*!40101 SET @OLD_SQL_MODE=@@SQL_MODE, SQL_MODE='NO_AUTO_VALUE_ON_ZERO' */;
/*!40111 SET @OLD_SQL_NOTES=@@SQL_NOTES, SQL_NOTES=0 */;

--
-- Table structure for table `author`
--

DROP TABLE IF EXISTS `author`;
/*!40101 SET @saved_cs_client     = @@character_set_client */;
/*!50503 SET character_set_client = utf8mb4 */;
CREATE TABLE `author` (
  `name` varchar(30) NOT NULL,
  `surname` varchar(30) NOT NULL,
  PRIMARY KEY (`surname`,`name`)
) ENGINE=InnoDB DEFAULT CHARSET=utf8mb4 COLLATE=utf8mb4_0900_ai_ci;
/*!40101 SET character_set_client = @saved_cs_client */;

--
-- Dumping data for table `author`
--

LOCK TABLES `author` WRITE;
/*!40000 ALTER TABLE `author` DISABLE KEYS */;
INSERT INTO `author` VALUES ('Μαρία','Αθανασίου'),('Μαρίνα','Αθανασίου'),('Ναυσικά','Αθανασίου'),('Στέφανος','Αθανασίου'),('Πέτρος','Αλεξίου'),('Παρασκευή','Αναστασίου'),('Νικήτας','Ανδρικόπουλος'),('Ναυσικά','Αντωνίου'),('Σπύρίδων','Βασιλείου'),('Αλίκη','Βλάχου'),('Αλέξανδρος','Γεωργίου'),('Ευσταθία','Δαμασκηνού'),('Ιωάννης','Δημητρίου'),('Στέφανος','Δημητρίου'),('Γεωργία','Καδιανάκη'),('Ευσταθία','Καδιανάκη'),('Νίκολαος','Καδιανάκης'),('Χριστίνα','Καραβαγγέλη'),('Ευαγγελία','Καραγιάννη'),('Δέσποινα','Κατσαρού'),('Παρασκευή','Κατσαρού'),('Σπύρίδων','Κοζύρης'),('Αντώνιος','Κωνσταντίνου'),('Λουκάς','Κωνσταντίνου'),('Αχιλλεύς','Μιχαήλ'),('Σάββας','Παναγιωτίδης'),('Ελένη','Παναγιωτοπούλου'),('Αγάπη','Παπαδοπούλου'),('Γεώργιος','Παπαμιχαήλ'),('Λουκάς','Παπαμιχαήλ'),('Θωμάς','Παπαναστασίου'),('Αχιλλεύς','Παπανδρέου'),('Γεώργιος','Παπαστεφάνου'),('Μάρκος','Πατρίκιος'),('Βασιλική','Παυλίδου'),('Παναγιώτα','Παυλίδου'),('Διονύσιος','Σπυρίδωνος'),('Νίκολαος','Σπυρίδωνος'),('Ευγένιος','Τριβιζάς'),('Χριστίνα','Τσιτσιμπίκου'),('Αλέξανδρος','Τσουμάκος'),('Αθηνά','Τσουμάκου'),('Αλίκη','Τσουμάκου'),('Θεοδώρα','Τσουμάκου'),('Μαρία','Τσουμάκου'),('Αγγελική','Χατζή'),('Γρηγόριος','Χατζής'),('Δανάη','Χριστοδούλου'),('Σταυρούλα','Χριστοδούλου'),('Μάρκος','Χριστοφόρου'),('Στέφανος','Χριστοφόρου');
/*!40000 ALTER TABLE `author` ENABLE KEYS */;
UNLOCK TABLES;

--
-- Table structure for table `book`
--

DROP TABLE IF EXISTS `book`;
/*!40101 SET @saved_cs_client     = @@character_set_client */;
/*!50503 SET character_set_client = utf8mb4 */;
CREATE TABLE `book` (
  `isbn` bigint unsigned NOT NULL,
  `title` varchar(50) NOT NULL,
  `pages` smallint NOT NULL,
  `language` varchar(30) NOT NULL,
  `keywords` varchar(50) NOT NULL,
  `summary` varchar(1000) DEFAULT 'Summary is not submitted',
  `publisher` varchar(50) NOT NULL,
  `image_url` varchar(255) NOT NULL DEFAULT '/static/book_image.jpg',
  PRIMARY KEY (`isbn`),
  KEY `idx_book_title` (`title`)
) ENGINE=InnoDB DEFAULT CHARSET=utf8mb4 COLLATE=utf8mb4_0900_ai_ci;
/*!40101 SET character_set_client = @saved_cs_client */;

--
-- Dumping data for table `book`
--

LOCK TABLES `book` WRITE;
/*!40000 ALTER TABLE `book` DISABLE KEYS */;
INSERT INTO `book` VALUES (1073629279588,'Η Υπόσχεση',287,'Αγγλικά','Διπλωματικό, Κατασκοπεία','Summary is not submitted','Εκδόσεις Πατάκη','/static/book_image.jpg'),(1074560664703,'Η Επικίνδυνη Συνάντηση',237,'Αγγλικά','Επιζώντες, Απομόνωση','Summary is not submitted','Εκδόσεις Πατάκη','/static/book_image.jpg'),(1116606958982,'Η Κληρονομιά του Κόσμου',285,'Ελληνικά','Ανείπωτο μυστικό, Επιζώντες','Summary is not submitted','Εκδόσεις Ψυχογιός','/static/book_image.jpg'),(1126812354700,'Ο Συνωμότης',209,'Αγγλικά','Διπλωματικό, Εξέγερση','Summary is not submitted','Εκδόσεις Ψυχογιός','/static/book_image.jpg'),(1153005436685,'Η Αντίσταση',181,'Ελληνικά','Πολιτική, Διασκορπισμένες μνήμες','Summary is not submitted','Εκδόσεις Μεταίχμιο','/static/book_image.jpg'),(1212148607497,'Η Αλληγορία',326,'Ελληνικά','Επιστημονική έρευνα, Απομόνωση','Summary is not submitted','Εκδόσεις Πατάκη','/static/book_image.jpg'),(1234567890124,'Ο Χαμένος Μανάβης',250,'Ελληνικά','Για παιδία Περιπέτεια','Summary is not submitted','Εκδόσεις Πατάκη','/static/book_image.jpg'),(1292103779027,'Το Φάντασμα του Παρελθόντος',291,'Ελληνικά','Μαγεία, Μυστική αποστολή','Summary is not submitted','Εκδόσεις Μεταίχμιο','/static/book_image.jpg'),(1297436011637,'Η Απόδραση',212,'Ελληνικά','Εκδίκηση, Εθνική ταυτότητα','Summary is not submitted','Εκδόσεις Μεταίχμιο','/static/book_image.jpg'),(1306445796635,'Το Αντικαταστατικό',372,'Ελληνικά','Αποστολή διάσωσης, Επικίνδυνος έρωτας','Summary is not submitted','Εκδόσεις Ψυχογιός','/static/book_image.jpg'),(1334143094508,'Ο Εξαφανισμένος',155,'Ελληνικά','Σχέσεις εξουσίας, Αποκάλυψη','Summary is not submitted','Εκδόσεις Ίκαρος','/static/book_image.jpg'),(1347941499483,'Ο Σκοτεινός Ποιητής',264,'Αγγλικά','Ιατρικό, Οικογενειακό δράμα','Summary is not submitted','Εκδόσεις Μεταίχμιο','/static/book_image.jpg'),(1430937623633,'Η Τελευταία Ανατροπή',215,'Ελληνικά','Αποστολή διάσωσης, Σχέσεις εξουσίας','Summary is not submitted','Εκδόσεις Πατάκη','/static/book_image.jpg'),(1453031648935,'Η Αλήθεια των Σκιών',382,'Ελληνικά','Διασκορπισμένες μνήμες, Φυλακισμένος','Summary is not submitted','Εκδόσεις Ίκαρος','/static/book_image.jpg'),(1458823165875,'Η Απαγωγή της Ελευθερίας',318,'Αγγλικά','Εξωγήινη ζωή, Εξέγερση','Summary is not submitted','Εκδόσεις Μεταίχμιο','/static/book_image.jpg'),(1486540055135,'Ο Συλλέκτης',394,'Αγγλικά','Συνωμοσιολογία, Ανείπωτο μυστικό','Summary is not submitted','Εκδόσεις Ψυχογιός','/static/book_image.jpg'),(1488515868119,'Ο Νονός',327,'Αγγλικά','Ανείπωτο μυστικό, Εξαφάνιση','Summary is not submitted','Εκδόσεις Ψυχογιός','/static/book_image.jpg'),(1489895785488,'Η Πρόκληση του Μυστήριου',211,'Αγγλικά','Επικίνδυνος έρωτας, Εξαφάνιση','Summary is not submitted','Εκδόσεις Ψυχογιός','/static/book_image.jpg'),(1568254810189,'Ο Ανακριτής',376,'Ελληνικά','Οικογενειακό δράμα, Ιατρικό','Summary is not submitted','Εκδόσεις Μεταίχμιο','/static/book_image.jpg'),(1798300176342,'Η Ανατροπή',217,'Ελληνικά','Μυστική αποστολή, Καταδίωξη','Summary is not submitted','Εκδόσεις Ίκαρος','/static/book_image.jpg'),(1810256525578,'Ο Παράδεισος του Χειμώνα',238,'Αγγλικά','Διασκορπισμένες μνήμες, Μεταφυσικό μυστήριο','Summary is not submitted','Εκδόσεις Ψυχογιός','/static/book_image.jpg'),(1841363972930,'Ο Παράδεισος της Αδικίας',181,'Ελληνικά','Σχέσεις εξουσίας, Εξαφάνιση','Summary is not submitted','Εκδόσεις Ίκαρος','/static/book_image.jpg'),(1884752033664,'Η Παράνοια',329,'Αγγλικά','Αναζήτηση, Ιατρικό','Summary is not submitted','Εκδόσεις Ίκαρος','/static/book_image.jpg'),(1889530462928,'Η Παράνομη Αγάπη',153,'Ελληνικά','Εξέγερση, Αποκάλυψη','Summary is not submitted','Εκδόσεις Πατάκη','/static/book_image.jpg'),(1999173972484,'Ο Αριθμός 23',180,'Ελληνικά','Αντίσταση, Εξαφάνιση','Summary is not submitted','Εκδόσεις Μεταίχμιο','/static/book_image.jpg'),(1999175221635,'Το Νησί των Πειρατών',375,'Ελληνικά','Εξερεύνηση, Καταδίκη','Summary is not submitted','Εκδόσεις Ίκαρος','/static/book_image.jpg'),(2012096842470,'Ο Σκοτεινός Αρχοντας',195,'Ελληνικά','Επιζώντες, Επιζώντες','Summary is not submitted','Εκδόσεις Μεταίχμιο','/static/book_image.jpg'),(2114657248842,'Η Αιχμαλωσία',205,'Ελληνικά','Κατασκοπεία, Αποστολή διάσωσης','Summary is not submitted','Εκδόσεις Μεταίχμιο','/static/book_image.jpg'),(2131928463530,'Ο Μελλοθάνατος',166,'Αγγλικά','Απόδραση, Διασκορπισμένες μνήμες','Summary is not submitted','Εκδόσεις Ψυχογιός','/static/book_image.jpg'),(2145897665884,'Η Καταδίωξη του Εγώ',151,'Αγγλικά','Εξωγήινη ζωή, Αποκάλυψη','Summary is not submitted','Εκδόσεις Πατάκη','/static/book_image.jpg'),(2167684398452,'Η Μυστική Ιστορία',219,'Ελληνικά','Απόδραση, Πολεμικό δράμα','Summary is not submitted','Εκδόσεις Μεταίχμιο','/static/book_image.jpg'),(2268167135439,'Ο Προδότης της Ελευθερίας',376,'Ελληνικά','Ιατρικό, Εθνική ταυτότητα','Summary is not submitted','Εκδόσεις Μεταίχμιο','/static/book_image.jpg'),(2289945496584,'Ο Μονομάχος',168,'Ελληνικά','Εθνική ταυτότητα, Καταδίωξη','Summary is not submitted','Εκδόσεις Ίκαρος','/static/book_image.jpg'),(2349417521177,'Ο Κυνηγός της Νύχτας',193,'Ελληνικά','Μυστική αποστολή, Συνωμοσία','Summary is not submitted','Εκδόσεις Ίκαρος','/static/book_image.jpg'),(2364347149874,'Το Μυστικό των Μύθων',271,'Ελληνικά','Αναζήτηση, Συνωμοσιολογία','Summary is not submitted','Εκδόσεις Ψυχογιός','/static/book_image.jpg'),(2372413716794,'Ο Φονιάς',398,'Αγγλικά','Ανταρσία, Αναζήτηση','Summary is not submitted','Εκδόσεις Μεταίχμιο','/static/book_image.jpg'),(2396929730247,'Ο Ανεπιθύμητος Πρόξενος',358,'Αγγλικά','Συνωμοσιολογία, Καταδίωξη','Summary is not submitted','Εκδόσεις Ίκαρος','/static/book_image.jpg'),(2400288317436,'Ο Φλεγόμενος',270,'Αγγλικά','Φυλακισμένος, Οικογενειακό δράμα','Summary is not submitted','Εκδόσεις Πατάκη','/static/book_image.jpg'),(2433916935501,'Ο Τοίχος',226,'Αγγλικά','Κυνήγι θησαυρού, Διπλωματικό','Summary is not submitted','Εκδόσεις Ψυχογιός','/static/book_image.jpg'),(2594664167353,'Ο Φύλακας του Χρόνου',214,'Αγγλικά','Μυστική αποστολή, Μεταφυσικό μυστήριο','Summary is not submitted','Εκδόσεις Ίκαρος','/static/book_image.jpg'),(2833210167593,'Η Επιβίωση της Μνήμης',322,'Ελληνικά','Συνωμοσιολογία, Απομόνωση','Summary is not submitted','Εκδόσεις Μεταίχμιο','/static/book_image.jpg'),(2903278609230,'Ο Παραμυθάς',196,'Αγγλικά','Απόδραση, Ανταρσία','Summary is not submitted','Εκδόσεις Ψυχογιός','/static/book_image.jpg'),(2972451307144,'Ο Συνωμότης της Σκιάς',267,'Ελληνικά','Κοινωνική κριτική, Διασκορπισμένες μνήμες','Summary is not submitted','Εκδόσεις Ίκαρος','/static/book_image.jpg'),(2984578966862,'Ο Φτωχογεννημένος',337,'Αγγλικά','Αποκάλυψη, Συνωμοσιολογία','Summary is not submitted','Εκδόσεις Ψυχογιός','/static/book_image.jpg'),(3013463266893,'Ο Στρατηγός',224,'Αγγλικά','Εξέγερση, Ανείπωτο μυστικό','Summary is not submitted','Εκδόσεις Μεταίχμιο','/static/book_image.jpg'),(3064009453430,'Ο Προδότης της Δημοκρατίας',386,'Ελληνικά','Αντίσταση, Μαγεία','Summary is not submitted','Εκδόσεις Μεταίχμιο','/static/book_image.jpg'),(3079396977330,'Ο Επαναστάτης',319,'Αγγλικά','Κατασκοπεία, Αποκάλυψη','Summary is not submitted','Εκδόσεις Ίκαρος','/static/book_image.jpg'),(3107335369872,'Η Κατασκοπεία',342,'Αγγλικά','Μαγεία, Συνωμοσιολογία','Summary is not submitted','Εκδόσεις Μεταίχμιο','/static/book_image.jpg'),(3127865758618,'Ο Φωτισμένος',171,'Αγγλικά','Κυνήγι θησαυρού, Απόδραση','Summary is not submitted','Εκδόσεις Ίκαρος','/static/book_image.jpg'),(3174778329473,'Ο Περιθωριοποιημένος',252,'Ελληνικά','Μαγεία, Καταδίωξη','Summary is not submitted','Εκδόσεις Ψυχογιός','/static/book_image.jpg'),(3182701383200,'Ο Πρόξενος',390,'Ελληνικά','Συνωμοσία, Μυστική αποστολή','Summary is not submitted','Εκδόσεις Μεταίχμιο','/static/book_image.jpg'),(3193969717953,'Ο Άνθρωπος που Αναζητούσε την Αλήθεια',269,'Ελληνικά','Εξωγήινη ζωή, Επιστημονική έρευνα','Summary is not submitted','Εκδόσεις Μεταίχμιο','/static/book_image.jpg'),(3207473542944,'Ο Τρομοκράτης',356,'Ελληνικά','Κοινωνική κριτική, Ιατρικό','Summary is not submitted','Εκδόσεις Ψυχογιός','/static/book_image.jpg'),(3220123116607,'Ο Παρατηρητής',237,'Ελληνικά','Ερωτικό τρίγωνο, Επιζώντες','Summary is not submitted','Εκδόσεις Πατάκη','/static/book_image.jpg'),(3243125056920,'Ο Καταραμένος',339,'Ελληνικά','Καταδίωξη, Αναζήτηση','Summary is not submitted','Εκδόσεις Ίκαρος','/static/book_image.jpg'),(3261285399325,'Η Τελευταία Στιγμή',167,'Ελληνικά','Κυνήγι θησαυρού, Σχέσεις εξουσίας','Summary is not submitted','Εκδόσεις Πατάκη','/static/book_image.jpg'),(3297437336773,'Η Πρόκληση',293,'Ελληνικά','Κοινωνική κριτική, Πολεμικό δράμα','Summary is not submitted','Εκδόσεις Ψυχογιός','/static/book_image.jpg'),(3348697188116,'Το Χαμένο Σύμβολο',368,'Ελληνικά','Ανταρσία, Εξέγερση','Summary is not submitted','Εκδόσεις Ίκαρος','/static/book_image.jpg'),(3578107963372,'Ο Κυνηγός της Αυγής',204,'Αγγλικά','Αποστολή διάσωσης, Απομόνωση','Summary is not submitted','Εκδόσεις Μεταίχμιο','/static/book_image.jpg'),(3618456023178,'Η Πτώση του Βασιλιά',317,'Ελληνικά','Καταδίκη, Πολιτική','Summary is not submitted','Εκδόσεις Ψυχογιός','/static/book_image.jpg'),(3636299678055,'Ο Φωτογράφος των Αναμνήσεων',254,'Αγγλικά','Μεταφυσικό μυστήριο, Επανάσταση','Summary is not submitted','Εκδόσεις Μεταίχμιο','/static/book_image.jpg'),(3656018719947,'Η Ανεπιθύμητη Διαδρομή',205,'Αγγλικά','Οικογενειακό δράμα, Συνωμοσία','Summary is not submitted','Εκδόσεις Ίκαρος','/static/book_image.jpg'),(3692740665327,'Ο Αληθινός',359,'Ελληνικά','Διπλωματικό, Επιζώντες','Summary is not submitted','Εκδόσεις Ψυχογιός','/static/book_image.jpg'),(3756980224276,'Ο Μοναχικός Περίπατος',390,'Αγγλικά','Εξερεύνηση, Επανάσταση','Summary is not submitted','Εκδόσεις Ίκαρος','/static/book_image.jpg'),(3770947998401,'Ο Φύλακας',187,'Αγγλικά','Φυλακισμένος, Ανείπωτο μυστικό','Summary is not submitted','Εκδόσεις Ψυχογιός','/static/book_image.jpg'),(3802096622413,'Ο Αποκαλυπτής',327,'Ελληνικά','Καταδίκη, Απόδραση','Summary is not submitted','Εκδόσεις Ψυχογιός','/static/book_image.jpg'),(3925719614933,'Η Προδοσία',362,'Αγγλικά','Εξαφάνιση, Κατασκοπεία','Summary is not submitted','Εκδόσεις Πατάκη','/static/book_image.jpg'),(4089950673159,'Ο Αποπλανητής',264,'Ελληνικά','Επικίνδυνος έρωτας, Εκδίκηση','Summary is not submitted','Εκδόσεις Πατάκη','/static/book_image.jpg'),(4115250890401,'Ο Απροσάρμοστος',388,'Αγγλικά','Χαμένη αγάπη, Αποστολή διάσωσης','Summary is not submitted','Εκδόσεις Πατάκη','/static/book_image.jpg'),(4140951777695,'Ο Άνθρωπος που Μετρούσε τα Αστέρια',165,'Αγγλικά','Εξερεύνηση, Κυνήγι θησαυρού','Summary is not submitted','Εκδόσεις Ψυχογιός','/static/book_image.jpg'),(4152806489920,'Ο Συνωμότης της Νύχτας',258,'Ελληνικά','Αποστολή διάσωσης, Μεταφυσικό μυστήριο','Summary is not submitted','Εκδόσεις Μεταίχμιο','/static/book_image.jpg'),(4173279492495,'Ο Χαμένος',400,'Ελληνικά','Απόδραση, Χαμένη αγάπη','Summary is not submitted','Εκδόσεις Ψυχογιός','/static/book_image.jpg'),(4268627099896,'Η Απειλητική Ανεξαρτησία',164,'Αγγλικά','Αποστολή διάσωσης, Εξέγερση','Summary is not submitted','Εκδόσεις Ψυχογιός','/static/book_image.jpg'),(4296522430758,'Η Καταραμένη Κληρονομιά',254,'Ελληνικά','Απομόνωση, Καταδίωξη','Summary is not submitted','Εκδόσεις Ίκαρος','/static/book_image.jpg'),(4391229539277,'Η Αλήθεια του Μύθου',172,'Αγγλικά','Εξέγερση, Εξερεύνηση','Summary is not submitted','Εκδόσεις Μεταίχμιο','/static/book_image.jpg'),(4440304732510,'Η Συνάντηση των Αποκλεισμένων',156,'Αγγλικά','Μαγεία, Επικίνδυνος έρωτας','Summary is not submitted','Εκδόσεις Πατάκη','/static/book_image.jpg'),(4454807324148,'Ο Χειρότερος Εχθρός',180,'Αγγλικά','Χαμένη αγάπη, Αποκάλυψη','Summary is not submitted','Εκδόσεις Ίκαρος','/static/book_image.jpg'),(4505048373798,'Η Απαγωγή',265,'Αγγλικά','Αποστολή διάσωσης, Αναζήτηση','Summary is not submitted','Εκδόσεις Ίκαρος','/static/book_image.jpg'),(4589910366138,'Ο Αιχμάλωτος',228,'Ελληνικά','Απομόνωση, Φυλακισμένος','Summary is not submitted','Εκδόσεις Μεταίχμιο','/static/book_image.jpg'),(4606566578861,'Ο Προσκυνητής',285,'Ελληνικά','Εξωγήινη ζωή, Ερωτικό τρίγωνο','Summary is not submitted','Εκδόσεις Μεταίχμιο','/static/book_image.jpg'),(4650969131516,'Ο Σκοτεινός Εκδικητής',301,'Αγγλικά','Αναζήτηση, Επιστημονική έρευνα','Summary is not submitted','Εκδόσεις Ψυχογιός','/static/book_image.jpg'),(4667412452750,'Ο Πρωτοπόρος',314,'Ελληνικά','Απομόνωση, Σχέσεις εξουσίας','Summary is not submitted','Εκδόσεις Ψυχογιός','/static/book_image.jpg'),(4693874922830,'Ο Απροσάρμοστος Πρωτοπόρος',308,'Αγγλικά','Κοινωνική κριτική, Μυστική αποστολή','Summary is not submitted','Εκδόσεις Μεταίχμιο','/static/book_image.jpg'),(4751001788808,'Ο Εγκληματίας',302,'Ελληνικά','Εθνική ταυτότητα, Κοινωνική κριτική','Summary is not submitted','Εκδόσεις Ίκαρος','/static/book_image.jpg'),(4770340963387,'Ο Κυνηγός',333,'Ελληνικά','Κοινωνική κριτική, Επικίνδυνη αποστολή','Summary is not submitted','Εκδόσεις Ψυχογιός','/static/book_image.jpg'),(4785138356950,'Η Καταδίωξη',286,'Αγγλικά','Σχέσεις εξουσίας, Συνωμοσία','Summary is not submitted','Εκδόσεις Ίκαρος','/static/book_image.jpg'),(4832966441647,'Η Πύλη',167,'Αγγλικά','Ιατρικό, Εθνική ταυτότητα','Summary is not submitted','Εκδόσεις Ψυχογιός','/static/book_image.jpg'),(4858225663620,'Ο Αγώνας',389,'Ελληνικά','Συνωμοσία, Εξωγήινη ζωή','Summary is not submitted','Εκδόσεις Ψυχογιός','/static/book_image.jpg'),(4869870691198,'Η Καταδίκη',169,'Ελληνικά','Αναμέτρηση, Απομόνωση','Summary is not submitted','Εκδόσεις Ψυχογιός','/static/book_image.jpg'),(4929859987550,'Η Αναμνηστική Κληρονομιά',367,'Αγγλικά','Διασκορπισμένες μνήμες, Δικαστικό','Summary is not submitted','Εκδόσεις Πατάκη','/static/book_image.jpg'),(4946671575029,'Ο Προδότης',206,'Αγγλικά','Διασκορπισμένες μνήμες, Ερωτικό τρίγωνο','Summary is not submitted','Εκδόσεις Ίκαρος','/static/book_image.jpg'),(5015118156484,'Η Συμμορία',390,'Ελληνικά','Ανείπωτο μυστικό, Εξερεύνηση','Summary is not submitted','Εκδόσεις Ψυχογιός','/static/book_image.jpg'),(5183409819690,'Η Εγκατάλειψη',275,'Αγγλικά','Ανείπωτο μυστικό, Κοινωνική κριτική','Summary is not submitted','Εκδόσεις Ίκαρος','/static/book_image.jpg'),(5456429866755,'Ο Τελευταίος Κυνηγός',311,'Ελληνικά','Αποστολή διάσωσης, Εθνική ταυτότητα','Summary is not submitted','Εκδόσεις Ψυχογιός','/static/book_image.jpg'),(5494724089011,'Ο Απρόβλεπτος',254,'Ελληνικά','Καταδίκη, Κυνήγι θησαυρού','Summary is not submitted','Εκδόσεις Μεταίχμιο','/static/book_image.jpg'),(5508185951725,'Η Κυρία της Σκιάς',211,'Ελληνικά','Εξέγερση, Εξερεύνηση','Summary is not submitted','Εκδόσεις Ψυχογιός','/static/book_image.jpg'),(5517373755374,'Η Εξομολόγηση',169,'Αγγλικά','Πολεμικό δράμα, Ερωτικό τρίγωνο','Summary is not submitted','Εκδόσεις Ψυχογιός','/static/book_image.jpg'),(5566444965150,'Η Άριστη Παγίδα',240,'Ελληνικά','Απομόνωση, Επιστημονική έρευνα','Summary is not submitted','Εκδόσεις Ίκαρος','/static/book_image.jpg'),(5880267763753,'Ο Περιπλανώμενος',183,'Ελληνικά','Αποκάλυψη, Αντίσταση','Summary is not submitted','Εκδόσεις Μεταίχμιο','/static/book_image.jpg'),(6027037313846,'Ο Μεταμορφωμένος Πράκτορας',318,'Ελληνικά','Πολιτική, Εξερεύνηση','Summary is not submitted','Εκδόσεις Ίκαρος','/static/book_image.jpg'),(6145925892422,'Η Ανεπίσημη Αλήθεια',343,'Αγγλικά','Συνωμοσιολογία, Οικογενειακό δράμα','Summary is not submitted','Εκδόσεις Πατάκη','/static/book_image.jpg'),(6153360567012,'Ο Αντικαταστάτης',394,'Ελληνικά','Επανάσταση, Επανάσταση','Summary is not submitted','Εκδόσεις Ίκαρος','/static/book_image.jpg'),(6219856404541,'Η Πρόσκληση',389,'Αγγλικά','Επανάσταση, Καταδίωξη','Summary is not submitted','Εκδόσεις Μεταίχμιο','/static/book_image.jpg'),(6287708802067,'Ο Απρόβλεπτος Συνωμοσιολόγος',172,'Ελληνικά','Επιστημονική έρευνα, Διασκορπισμένες μνήμες','Summary is not submitted','Εκδόσεις Μεταίχμιο','/static/book_image.jpg'),(6331997014819,'Η Κρυφή Απειλή',180,'Ελληνικά','Εξέγερση, Συνωμοσία','Summary is not submitted','Εκδόσεις Πατάκη','/static/book_image.jpg'),(6350033594347,'Ο Φύλακας της Σκοτεινής Πύλης',273,'Αγγλικά','Ερωτικό τρίγωνο, Πολεμικό δράμα','Summary is not submitted','Εκδόσεις Ίκαρος','/static/book_image.jpg'),(6452966853203,'Ο Αδίστακτος',370,'Αγγλικά','Ερωτικό τρίγωνο, Ανείπωτο μυστικό','Summary is not submitted','Εκδόσεις Ίκαρος','/static/book_image.jpg'),(6456794880303,'Η Επιβίωση',399,'Ελληνικά','Αποστολή διάσωσης, Χαμένη αγάπη','Summary is not submitted','Εκδόσεις Ίκαρος','/static/book_image.jpg'),(6511646113812,'Η Κατάρα',235,'Ελληνικά','Συνωμοσιολογία, Μαγεία','Summary is not submitted','Εκδόσεις Ψυχογιός','/static/book_image.jpg'),(6604819383267,'Το Κυνήγι της Αλήθειας',275,'Αγγλικά','Οικογενειακό δράμα, Επιστημονική έρευνα','Summary is not submitted','Εκδόσεις Πατάκη','/static/book_image.jpg'),(6629370975730,'Ο Πανούργος',181,'Ελληνικά','Καταδίκη, Εξωγήινη ζωή','Summary is not submitted','Εκδόσεις Ίκαρος','/static/book_image.jpg'),(6632716926317,'Η Συγγραφέας',306,'Αγγλικά','Χαμένη αγάπη, Αποστολή διάσωσης','Summary is not submitted','Εκδόσεις Ψυχογιός','/static/book_image.jpg'),(6653159087817,'Ο Αγνοούμενος',174,'Ελληνικά','Εξαφάνιση, Εκδίκηση','Summary is not submitted','Εκδόσεις Πατάκη','/static/book_image.jpg'),(6682660543221,'Ο Προδότης του Κράτους',221,'Ελληνικά','Εθνική ταυτότητα, Εξαφάνιση','Summary is not submitted','Εκδόσεις Πατάκη','/static/book_image.jpg'),(6688751513177,'Η Μοναξιά',173,'Ελληνικά','Επιστημονική έρευνα, Εξερεύνηση','Summary is not submitted','Εκδόσεις Ίκαρος','/static/book_image.jpg'),(6723873435411,'Ο Πειρατής',305,'Ελληνικά','Κατασκοπεία, Πολιτική','Summary is not submitted','Εκδόσεις Μεταίχμιο','/static/book_image.jpg'),(6762375278243,'Η Απόπειρα',373,'Ελληνικά','Αποστολή διάσωσης, Ιατρικό','Summary is not submitted','Εκδόσεις Ψυχογιός','/static/book_image.jpg'),(6848325114167,'Ο Περίεργος',158,'Ελληνικά','Διασκορπισμένες μνήμες, Ανταρσία','Summary is not submitted','Εκδόσεις Μεταίχμιο','/static/book_image.jpg'),(6871703830013,'Ο Θρύλος του Δράκουλα',188,'Ελληνικά','Εθνική ταυτότητα, Εξερεύνηση','Summary is not submitted','Εκδόσεις Ψυχογιός','/static/book_image.jpg'),(6931627909053,'Ο Ακούραστος',178,'Ελληνικά','Επικίνδυνη αποστολή, Κυνήγι θησαυρού','Summary is not submitted','Εκδόσεις Πατάκη','/static/book_image.jpg'),(7016908686537,'Ο Ανεπιθύμητος',249,'Αγγλικά','Δικαστικό, Διασκορπισμένες μνήμες','Summary is not submitted','Εκδόσεις Ίκαρος','/static/book_image.jpg'),(7158670919866,'Η Μοναχική Εκδρομή',306,'Ελληνικά','Μυστική αποστολή, Εξέγερση','Summary is not submitted','Εκδόσεις Ψυχογιός','/static/book_image.jpg'),(7205097535074,'Ο Προδότης του Παρελθόντος',226,'Αγγλικά','Ανταρσία, Διπλωματικό','Summary is not submitted','Εκδόσεις Πατάκη','/static/book_image.jpg'),(7214248851312,'Ο Παγιδευμένος',194,'Ελληνικά','Εκδίκηση, Καταδίκη','Summary is not submitted','Εκδόσεις Μεταίχμιο','/static/book_image.jpg'),(7281413357185,'Ο Μυστήριος Περίπατος',203,'Αγγλικά','Οικογενειακό δράμα, Αποκάλυψη','Summary is not submitted','Εκδόσεις Μεταίχμιο','/static/book_image.jpg'),(7367371304098,'Ο Ανεξάρτητος Κυνηγός',347,'Αγγλικά','Καταδίκη, Επιζώντες','Summary is not submitted','Εκδόσεις Ψυχογιός','/static/book_image.jpg'),(7434507091721,'Ο Αποκλεισμένος',280,'Ελληνικά','Μαγεία, Οικογενειακό δράμα','Summary is not submitted','Εκδόσεις Πατάκη','/static/book_image.jpg'),(7438096765267,'Ο Κατακτητής',242,'Ελληνικά','Αποστολή διάσωσης, Εξαφάνιση','Summary is not submitted','Εκδόσεις Ψυχογιός','/static/book_image.jpg'),(7450357055002,'Ο Πρωτοπόρος της Σκιάς',239,'Αγγλικά','Αποστολή διάσωσης, Αναζήτηση','Summary is not submitted','Εκδόσεις Μεταίχμιο','/static/book_image.jpg'),(7561444116695,'Ο Αναζητητής',252,'Αγγλικά','Αναμέτρηση, Δικαστικό','Summary is not submitted','Εκδόσεις Πατάκη','/static/book_image.jpg'),(7567169927335,'Ο Τελευταίος Εξόριστος',338,'Αγγλικά','Επικίνδυνη αποστολή, Αναμέτρηση','Summary is not submitted','Εκδόσεις Ίκαρος','/static/book_image.jpg'),(7605024846753,'Η Συνάντηση',318,'Αγγλικά','Πολιτική, Εκδίκηση','Summary is not submitted','Εκδόσεις Ίκαρος','/static/book_image.jpg'),(7659489693711,'Η Μυστική Κωδικοποίηση',255,'Αγγλικά','Μαγεία, Αντίσταση','Summary is not submitted','Εκδόσεις Ίκαρος','/static/book_image.jpg'),(7711413737235,'Ο Τελευταίος Προδότης',333,'Αγγλικά','Επιζώντες, Κοινωνική κριτική','Summary is not submitted','Εκδόσεις Μεταίχμιο','/static/book_image.jpg'),(7755898641996,'Η Πόλη των Καταραμένων',229,'Ελληνικά','Ανείπωτο μυστικό, Μυστική αποστολή','Summary is not submitted','Εκδόσεις Ίκαρος','/static/book_image.jpg'),(7792489045395,'Ο Επαναστάτης των Αισθήσεων',364,'Ελληνικά','Συνωμοσιολογία, Μυστική αποστολή','Summary is not submitted','Εκδόσεις Μεταίχμιο','/static/book_image.jpg'),(7811720330252,'Η Παγίδα',192,'Αγγλικά','Ανταρσία, Επανάσταση','Summary is not submitted','Εκδόσεις Ίκαρος','/static/book_image.jpg'),(7990244879027,'Η Ανυπακοή',178,'Ελληνικά','Αναζήτηση, Αποκάλυψη','Summary is not submitted','Εκδόσεις Ψυχογιός','/static/book_image.jpg'),(8132742901390,'Ο Εκκολαπτόμενος',151,'Ελληνικά','Ερωτικό τρίγωνο, Μαγεία','Summary is not submitted','Εκδόσεις Ψυχογιός','/static/book_image.jpg'),(8254238620165,'Η Σιωπή της Εκδίκησης',277,'Αγγλικά','Ερωτικό τρίγωνο, Εκδίκηση','Summary is not submitted','Εκδόσεις Ίκαρος','/static/book_image.jpg'),(8264725327153,'Η Φωνή του Καλοκαιρινού Ανέμου',180,'Αγγλικά','Απομόνωση, Απομόνωση','Summary is not submitted','Εκδόσεις Μεταίχμιο','/static/book_image.jpg'),(8298667821950,'Το Τανγκό της Πεντάμορφης',330,'Αγγλικά','Αναζήτηση, Κατασκοπεία','Summary is not submitted','Εκδόσεις Μεταίχμιο','/static/book_image.jpg'),(8336473825612,'Η Σιωπή της Θάλασσας',378,'Αγγλικά','Φυλακισμένος, Δικαστικό','Summary is not submitted','Εκδόσεις Ψυχογιός','/static/book_image.jpg'),(8341696933214,'Ο Ληστής',206,'Ελληνικά','Αποστολή διάσωσης, Επικίνδυνη αποστολή','Summary is not submitted','Εκδόσεις Ίκαρος','/static/book_image.jpg'),(8418630659564,'Η Αναζήτηση',309,'Ελληνικά','Εξαφάνιση, Φυλακισμένος','Summary is not submitted','Εκδόσεις Μεταίχμιο','/static/book_image.jpg'),(8498752694348,'Ο Αγνωστος',290,'Αγγλικά','Ανείπωτο μυστικό, Απόδραση','Summary is not submitted','Εκδόσεις Πατάκη','/static/book_image.jpg'),(8521608397202,'Η Μυστική Πλευρά',372,'Αγγλικά','Ανταρσία, Οικογενειακό δράμα','Summary is not submitted','Εκδόσεις Μεταίχμιο','/static/book_image.jpg'),(8548363419878,'Ο Περιηγητής',215,'Αγγλικά','Οικογενειακό δράμα, Μαγεία','Summary is not submitted','Εκδόσεις Μεταίχμιο','/static/book_image.jpg'),(8626958072945,'Ο Χρονοταξιδιώτης',275,'Αγγλικά','Εξωγήινη ζωή, Αναζήτηση','Summary is not submitted','Εκδόσεις Πατάκη','/static/book_image.jpg'),(8697261847388,'Ο Συνωμοσιολόγος',369,'Ελληνικά','Σχέσεις εξουσίας, Σχέσεις εξουσίας','Summary is not submitted','Εκδόσεις Μεταίχμιο','/static/book_image.jpg'),(8766336552641,'Ο Ανεξάρτητος',167,'Ελληνικά','Φυλακισμένος, Καταδίωξη','Summary is not submitted','Εκδόσεις Πατάκη','/static/book_image.jpg'),(8900757253020,'Ο Απεγνωσμένος',167,'Ελληνικά','Επιζώντες, Ερωτικό τρίγωνο','Summary is not submitted','Εκδόσεις Πατάκη','/static/book_image.jpg'),(8910950787911,'Ο Αποστάτης',307,'Ελληνικά','Συνωμοσιολογία, Εκδίκηση','Summary is not submitted','Εκδόσεις Πατάκη','/static/book_image.jpg'),(8962836923420,'Η Προδοσία του Ειρηνικού',346,'Ελληνικά','Μεταφυσικό μυστήριο, Ανταρσία','Summary is not submitted','Εκδόσεις Πατάκη','/static/book_image.jpg'),(8982090089752,'Ο Ανίκητος',398,'Αγγλικά','Εξαφάνιση, Ανείπωτο μυστικό','Summary is not submitted','Εκδόσεις Ψυχογιός','/static/book_image.jpg'),(9007144409202,'Η Επικίνδυνη Περιπέτεια',281,'Ελληνικά','Εκδίκηση, Κοινωνική κριτική','Summary is not submitted','Εκδόσεις Μεταίχμιο','/static/book_image.jpg'),(9028150382753,'Ο Πολιτικός',273,'Αγγλικά','Φυλακισμένος, Απομόνωση','Summary is not submitted','Εκδόσεις Ψυχογιός','/static/book_image.jpg'),(9033221237235,'Ο Κυνηγός της Αλήθειας',183,'Αγγλικά','Εθνική ταυτότητα, Κατασκοπεία','Summary is not submitted','Εκδόσεις Ίκαρος','/static/book_image.jpg'),(9094793362769,'Ο Εγκληματολόγος',377,'Ελληνικά','Απόδραση, Ιατρικό','Summary is not submitted','Εκδόσεις Πατάκη','/static/book_image.jpg'),(9109804213797,'Η Συνεργασία',362,'Αγγλικά','Εξέγερση, Ιατρικό','Summary is not submitted','Εκδόσεις Πατάκη','/static/book_image.jpg'),(9207742114175,'Ο Ταξιδιώτης',385,'Ελληνικά','Απόδραση, Καταδίκη','Summary is not submitted','Εκδόσεις Μεταίχμιο','/static/book_image.jpg'),(9219034632769,'Ο Πολέμιος',398,'Αγγλικά','Δικαστικό, Συνωμοσιολογία','Summary is not submitted','Εκδόσεις Πατάκη','/static/book_image.jpg'),(9224583734754,'Ο Επίτροπος',227,'Αγγλικά','Απόδραση, Οικογενειακό δράμα','Summary is not submitted','Εκδόσεις Μεταίχμιο','/static/book_image.jpg'),(9324118711655,'Ο Φωτογράφος',283,'Ελληνικά','Μυστική αποστολή, Ανείπωτο μυστικό','Summary is not submitted','Εκδόσεις Ψυχογιός','/static/book_image.jpg'),(9354178882597,'Η Επιστροφή του Πειρατή',249,'Ελληνικά','Αναζήτηση, Εθνική ταυτότητα','Summary is not submitted','Εκδόσεις Μεταίχμιο','/static/book_image.jpg'),(9406856102132,'Η Μυστική Ζωή των Παραθύρων',209,'Ελληνικά','Επιζώντες, Επιζώντες','Summary is not submitted','Εκδόσεις Πατάκη','/static/book_image.jpg'),(9490109880272,'Η Απόδραση του Κρατουμένου',234,'Ελληνικά','Εξωγήινη ζωή, Ανταρσία','Summary is not submitted','Εκδόσεις Μεταίχμιο','/static/book_image.jpg'),(9491414035477,'Ο Αναρχικός',330,'Ελληνικά','Επικίνδυνη αποστολή, Πολεμικό δράμα','Summary is not submitted','Εκδόσεις Πατάκη','/static/book_image.jpg'),(9547811883165,'Ο Συνεργάτης',335,'Αγγλικά','Σχέσεις εξουσίας, Διπλωματικό','Summary is not submitted','Εκδόσεις Μεταίχμιο','/static/book_image.jpg'),(9567718119779,'Το Κυνήγι του Φαντάσματος',262,'Αγγλικά','Συνωμοσία, Συνωμοσία','Summary is not submitted','Εκδόσεις Ίκαρος','/static/book_image.jpg'),(9574109824068,'Η Απαγορευμένη Γη',271,'Ελληνικά','Κυνήγι θησαυρού, Μαγεία','Summary is not submitted','Εκδόσεις Μεταίχμιο','/static/book_image.jpg'),(9577651658527,'Η Χαμένη Πόλη',398,'Αγγλικά','Εκδίκηση, Επιζώντες','Summary is not submitted','Εκδόσεις Ψυχογιός','/static/book_image.jpg'),(9737863198576,'Ο Τελευταίος Πολεμιστής',164,'Ελληνικά','Διπλωματικό, Εξερεύνηση','Summary is not submitted','Εκδόσεις Πατάκη','/static/book_image.jpg'),(9739130749705,'Η Συνεργασία των Εχθρών',286,'Αγγλικά','Ανταρσία, Εξαφάνιση','Summary is not submitted','Εκδόσεις Πατάκη','/static/book_image.jpg'),(9765654361715,'Η Αιχμάλωτη Ελευθερία',279,'Αγγλικά','Διπλωματικό, Ερωτικό τρίγωνο','Summary is not submitted','Εκδόσεις Μεταίχμιο','/static/book_image.jpg'),(9811917595601,'Η Καλύβα του Ποντίκη',360,'Ελληνικά','Επιζώντες, Κυνήγι θησαυρού','Summary is not submitted','Εκδόσεις Μεταίχμιο','/static/book_image.jpg'),(9812685120769,'Ο Καταζητούμενος',207,'Αγγλικά','Απομόνωση, Χαμένη αγάπη','Summary is not submitted','Εκδόσεις Πατάκη','/static/book_image.jpg'),(9858765974982,'Η Παγίδα του Χρόνου',316,'Ελληνικά','Εθνική ταυτότητα, Κυνήγι θησαυρού','Summary is not submitted','Εκδόσεις Ίκαρος','/static/book_image.jpg'),(9862578231662,'Ο Μεταμορφωμένος',228,'Ελληνικά','Επικίνδυνος έρωτας, Αποστολή διάσωσης','Summary is not submitted','Εκδόσεις Πατάκη','/static/book_image.jpg'),(9882758923892,'Ο Αρχάριος',288,'Ελληνικά','Απόδραση, Καταδίωξη','Summary is not submitted','Εκδόσεις Μεταίχμιο','/static/book_image.jpg'),(9993567451113,'Η Εκδίκηση',217,'Αγγλικά','Εξαφάνιση, Διασκορπισμένες μνήμες','Summary is not submitted','Εκδόσεις Μεταίχμιο','/static/book_image.jpg');
/*!40000 ALTER TABLE `book` ENABLE KEYS */;
UNLOCK TABLES;

--
-- Table structure for table `book_author`
--

DROP TABLE IF EXISTS `book_author`;
/*!40101 SET @saved_cs_client     = @@character_set_client */;
/*!50503 SET character_set_client = utf8mb4 */;
CREATE TABLE `book_author` (
  `isbn` bigint unsigned NOT NULL,
  `name` varchar(30) NOT NULL,
  `surname` varchar(30) NOT NULL,
  PRIMARY KEY (`isbn`,`name`,`surname`),
  KEY `surname` (`surname`,`name`),
  KEY `idx_book_author_name_surname` (`name`,`surname`),
  KEY `idx_book_author_isbn` (`isbn`),
  CONSTRAINT `book_author_ibfk_1` FOREIGN KEY (`isbn`) REFERENCES `book` (`isbn`) ON DELETE CASCADE ON UPDATE CASCADE,
  CONSTRAINT `book_author_ibfk_2` FOREIGN KEY (`surname`, `name`) REFERENCES `author` (`surname`, `name`) ON DELETE CASCADE ON UPDATE CASCADE
) ENGINE=InnoDB DEFAULT CHARSET=utf8mb4 COLLATE=utf8mb4_0900_ai_ci;
/*!40101 SET character_set_client = @saved_cs_client */;

--
-- Dumping data for table `book_author`
--

LOCK TABLES `book_author` WRITE;
/*!40000 ALTER TABLE `book_author` DISABLE KEYS */;
INSERT INTO `book_author` VALUES (1073629279588,'Ναυσικά','Αντωνίου'),(1073629279588,'Χριστίνα','Τσιτσιμπίκου'),(1074560664703,'Αχιλλεύς','Μιχαήλ'),(1074560664703,'Δανάη','Χριστοδούλου'),(1116606958982,'Αλίκη','Τσουμάκου'),(1116606958982,'Αχιλλεύς','Παπανδρέου'),(1116606958982,'Διονύσιος','Σπυρίδωνος'),(1126812354700,'Αλίκη','Βλάχου'),(1126812354700,'Μαρία','Αθανασίου'),(1153005436685,'Αλέξανδρος','Γεωργίου'),(1212148607497,'Ελένη','Παναγιωτοπούλου'),(1212148607497,'Πέτρος','Αλεξίου'),(1234567890124,'Ευγένιος','Τριβιζάς'),(1292103779027,'Γρηγόριος','Χατζής'),(1297436011637,'Στέφανος','Αθανασίου'),(1306445796635,'Μάρκος','Χριστοφόρου'),(1334143094508,'Μάρκος','Χριστοφόρου'),(1334143094508,'Ναυσικά','Αντωνίου'),(1347941499483,'Ναυσικά','Αθανασίου'),(1347941499483,'Χριστίνα','Τσιτσιμπίκου'),(1430937623633,'Βασιλική','Παυλίδου'),(1430937623633,'Παναγιώτα','Παυλίδου'),(1453031648935,'Αγάπη','Παπαδοπούλου'),(1453031648935,'Αχιλλεύς','Παπανδρέου'),(1453031648935,'Μαρία','Αθανασίου'),(1458823165875,'Θεοδώρα','Τσουμάκου'),(1458823165875,'Ιωάννης','Δημητρίου'),(1458823165875,'Σταυρούλα','Χριστοδούλου'),(1486540055135,'Αλέξανδρος','Τσουμάκος'),(1486540055135,'Μαρία','Τσουμάκου'),(1488515868119,'Βασιλική','Παυλίδου'),(1488515868119,'Μαρία','Αθανασίου'),(1489895785488,'Αγάπη','Παπαδοπούλου'),(1489895785488,'Νίκολαος','Σπυρίδωνος'),(1489895785488,'Στέφανος','Δημητρίου'),(1568254810189,'Σπύρίδων','Βασιλείου'),(1798300176342,'Θεοδώρα','Τσουμάκου'),(1798300176342,'Μαρία','Τσουμάκου'),(1810256525578,'Γεώργιος','Παπαστεφάνου'),(1810256525578,'Ευσταθία','Δαμασκηνού'),(1810256525578,'Παρασκευή','Αναστασίου'),(1841363972930,'Βασιλική','Παυλίδου'),(1841363972930,'Γεώργιος','Παπαμιχαήλ'),(1884752033664,'Δανάη','Χριστοδούλου'),(1889530462928,'Αχιλλεύς','Μιχαήλ'),(1889530462928,'Παρασκευή','Κατσαρού'),(1889530462928,'Χριστίνα','Τσιτσιμπίκου'),(1999173972484,'Αντώνιος','Κωνσταντίνου'),(1999173972484,'Παναγιώτα','Παυλίδου'),(1999173972484,'Σπύρίδων','Κοζύρης'),(1999175221635,'Γεώργιος','Παπαστεφάνου'),(1999175221635,'Ευσταθία','Δαμασκηνού'),(2012096842470,'Νικήτας','Ανδρικόπουλος'),(2114657248842,'Ελένη','Παναγιωτοπούλου'),(2114657248842,'Ναυσικά','Αθανασίου'),(2114657248842,'Σπύρίδων','Βασιλείου'),(2131928463530,'Νίκολαος','Σπυρίδωνος'),(2131928463530,'Στέφανος','Αθανασίου'),(2131928463530,'Χριστίνα','Καραβαγγέλη'),(2145897665884,'Μαρία','Τσουμάκου'),(2145897665884,'Σπύρίδων','Βασιλείου'),(2167684398452,'Δανάη','Χριστοδούλου'),(2167684398452,'Ναυσικά','Αντωνίου'),(2268167135439,'Λουκάς','Παπαμιχαήλ'),(2268167135439,'Μαρία','Τσουμάκου'),(2289945496584,'Θωμάς','Παπαναστασίου'),(2289945496584,'Στέφανος','Δημητρίου'),(2349417521177,'Λουκάς','Παπαμιχαήλ'),(2349417521177,'Σπύρίδων','Βασιλείου'),(2364347149874,'Αχιλλεύς','Παπανδρέου'),(2364347149874,'Μαρίνα','Αθανασίου'),(2364347149874,'Ναυσικά','Αθανασίου'),(2372413716794,'Γεώργιος','Παπαστεφάνου'),(2372413716794,'Μαρία','Τσουμάκου'),(2396929730247,'Γεώργιος','Παπαστεφάνου'),(2396929730247,'Παρασκευή','Αναστασίου'),(2400288317436,'Αλέξανδρος','Γεωργίου'),(2400288317436,'Μαρία','Αθανασίου'),(2433916935501,'Ευσταθία','Δαμασκηνού'),(2594664167353,'Ναυσικά','Αθανασίου'),(2594664167353,'Νίκολαος','Καδιανάκης'),(2833210167593,'Ευσταθία','Καδιανάκη'),(2833210167593,'Νίκολαος','Σπυρίδωνος'),(2833210167593,'Παρασκευή','Αναστασίου'),(2903278609230,'Ιωάννης','Δημητρίου'),(2903278609230,'Μαρία','Αθανασίου'),(2972451307144,'Αλίκη','Βλάχου'),(2972451307144,'Αχιλλεύς','Παπανδρέου'),(2972451307144,'Ναυσικά','Αντωνίου'),(2984578966862,'Ιωάννης','Δημητρίου'),(3013463266893,'Μαρίνα','Αθανασίου'),(3064009453430,'Γεώργιος','Παπαμιχαήλ'),(3064009453430,'Δανάη','Χριστοδούλου'),(3064009453430,'Ευαγγελία','Καραγιάννη'),(3079396977330,'Αγγελική','Χατζή'),(3079396977330,'Ευσταθία','Δαμασκηνού'),(3079396977330,'Θεοδώρα','Τσουμάκου'),(3107335369872,'Αλέξανδρος','Τσουμάκος'),(3107335369872,'Χριστίνα','Τσιτσιμπίκου'),(3127865758618,'Αλίκη','Βλάχου'),(3127865758618,'Δέσποινα','Κατσαρού'),(3174778329473,'Αλέξανδρος','Γεωργίου'),(3182701383200,'Βασιλική','Παυλίδου'),(3193969717953,'Αλίκη','Βλάχου'),(3193969717953,'Αχιλλεύς','Μιχαήλ'),(3193969717953,'Βασιλική','Παυλίδου'),(3207473542944,'Αντώνιος','Κωνσταντίνου'),(3207473542944,'Χριστίνα','Καραβαγγέλη'),(3220123116607,'Σπύρίδων','Βασιλείου'),(3220123116607,'Στέφανος','Δημητρίου'),(3243125056920,'Ευσταθία','Καδιανάκη'),(3261285399325,'Μαρία','Αθανασίου'),(3297437336773,'Αχιλλεύς','Μιχαήλ'),(3297437336773,'Παρασκευή','Κατσαρού'),(3348697188116,'Ελένη','Παναγιωτοπούλου'),(3348697188116,'Λουκάς','Κωνσταντίνου'),(3348697188116,'Παρασκευή','Κατσαρού'),(3578107963372,'Αγάπη','Παπαδοπούλου'),(3578107963372,'Βασιλική','Παυλίδου'),(3578107963372,'Ευσταθία','Δαμασκηνού'),(3618456023178,'Νικήτας','Ανδρικόπουλος'),(3618456023178,'Νίκολαος','Καδιανάκης'),(3618456023178,'Χριστίνα','Τσιτσιμπίκου'),(3636299678055,'Αχιλλεύς','Παπανδρέου'),(3636299678055,'Πέτρος','Αλεξίου'),(3656018719947,'Ευαγγελία','Καραγιάννη'),(3692740665327,'Μαρία','Αθανασίου'),(3756980224276,'Αγγελική','Χατζή'),(3770947998401,'Διονύσιος','Σπυρίδωνος'),(3770947998401,'Ιωάννης','Δημητρίου'),(3770947998401,'Ναυσικά','Αθανασίου'),(3802096622413,'Θεοδώρα','Τσουμάκου'),(3802096622413,'Παναγιώτα','Παυλίδου'),(3925719614933,'Ευσταθία','Δαμασκηνού'),(3925719614933,'Χριστίνα','Καραβαγγέλη'),(4089950673159,'Μαρία','Αθανασίου'),(4115250890401,'Μαρίνα','Αθανασίου'),(4115250890401,'Σπύρίδων','Βασιλείου'),(4115250890401,'Σταυρούλα','Χριστοδούλου'),(4140951777695,'Δανάη','Χριστοδούλου'),(4140951777695,'Μάρκος','Πατρίκιος'),(4152806489920,'Γεώργιος','Παπαστεφάνου'),(4152806489920,'Ευαγγελία','Καραγιάννη'),(4173279492495,'Αλέξανδρος','Τσουμάκος'),(4173279492495,'Ευσταθία','Καδιανάκη'),(4173279492495,'Νίκολαος','Καδιανάκης'),(4268627099896,'Αλίκη','Βλάχου'),(4296522430758,'Αλίκη','Τσουμάκου'),(4296522430758,'Νικήτας','Ανδρικόπουλος'),(4296522430758,'Παναγιώτα','Παυλίδου'),(4391229539277,'Αλέξανδρος','Τσουμάκος'),(4440304732510,'Αλέξανδρος','Γεωργίου'),(4440304732510,'Αλέξανδρος','Τσουμάκος'),(4440304732510,'Παναγιώτα','Παυλίδου'),(4454807324148,'Δέσποινα','Κατσαρού'),(4454807324148,'Στέφανος','Αθανασίου'),(4505048373798,'Αχιλλεύς','Μιχαήλ'),(4505048373798,'Ναυσικά','Αντωνίου'),(4589910366138,'Γρηγόριος','Χατζής'),(4589910366138,'Ευσταθία','Δαμασκηνού'),(4606566578861,'Ευσταθία','Καδιανάκη'),(4606566578861,'Ναυσικά','Αθανασίου'),(4650969131516,'Δέσποινα','Κατσαρού'),(4650969131516,'Μαρία','Αθανασίου'),(4650969131516,'Σπύρίδων','Κοζύρης'),(4667412452750,'Αχιλλεύς','Μιχαήλ'),(4667412452750,'Νικήτας','Ανδρικόπουλος'),(4693874922830,'Αγγελική','Χατζή'),(4693874922830,'Στέφανος','Δημητρίου'),(4693874922830,'Χριστίνα','Τσιτσιμπίκου'),(4751001788808,'Νίκολαος','Καδιανάκης'),(4770340963387,'Ναυσικά','Αντωνίου'),(4785138356950,'Αλέξανδρος','Τσουμάκος'),(4785138356950,'Γεώργιος','Παπαστεφάνου'),(4785138356950,'Στέφανος','Χριστοφόρου'),(4832966441647,'Δανάη','Χριστοδούλου'),(4832966441647,'Δέσποινα','Κατσαρού'),(4858225663620,'Αγγελική','Χατζή'),(4869870691198,'Λουκάς','Κωνσταντίνου'),(4929859987550,'Αγάπη','Παπαδοπούλου'),(4929859987550,'Ελένη','Παναγιωτοπούλου'),(4929859987550,'Μάρκος','Χριστοφόρου'),(4946671575029,'Γρηγόριος','Χατζής'),(4946671575029,'Νίκολαος','Σπυρίδωνος'),(5015118156484,'Αγγελική','Χατζή'),(5015118156484,'Χριστίνα','Καραβαγγέλη'),(5183409819690,'Αχιλλεύς','Μιχαήλ'),(5183409819690,'Δέσποινα','Κατσαρού'),(5183409819690,'Χριστίνα','Καραβαγγέλη'),(5456429866755,'Μαρίνα','Αθανασίου'),(5456429866755,'Παναγιώτα','Παυλίδου'),(5456429866755,'Στέφανος','Χριστοφόρου'),(5494724089011,'Γεώργιος','Παπαμιχαήλ'),(5494724089011,'Ευσταθία','Καδιανάκη'),(5494724089011,'Μάρκος','Πατρίκιος'),(5508185951725,'Νίκολαος','Σπυρίδωνος'),(5517373755374,'Στέφανος','Δημητρίου'),(5517373755374,'Χριστίνα','Καραβαγγέλη'),(5566444965150,'Ιωάννης','Δημητρίου'),(5880267763753,'Στέφανος','Δημητρίου'),(5880267763753,'Χριστίνα','Καραβαγγέλη'),(5880267763753,'Χριστίνα','Τσιτσιμπίκου'),(6027037313846,'Αγγελική','Χατζή'),(6027037313846,'Δέσποινα','Κατσαρού'),(6145925892422,'Αγγελική','Χατζή'),(6145925892422,'Ιωάννης','Δημητρίου'),(6145925892422,'Παναγιώτα','Παυλίδου'),(6153360567012,'Αλέξανδρος','Τσουμάκος'),(6153360567012,'Στέφανος','Χριστοφόρου'),(6219856404541,'Αθηνά','Τσουμάκου'),(6287708802067,'Θωμάς','Παπαναστασίου'),(6287708802067,'Μαρίνα','Αθανασίου'),(6331997014819,'Δανάη','Χριστοδούλου'),(6350033594347,'Ναυσικά','Αντωνίου'),(6452966853203,'Αθηνά','Τσουμάκου'),(6452966853203,'Πέτρος','Αλεξίου'),(6456794880303,'Βασιλική','Παυλίδου'),(6511646113812,'Ευαγγελία','Καραγιάννη'),(6511646113812,'Μάρκος','Χριστοφόρου'),(6604819383267,'Μαρία','Αθανασίου'),(6604819383267,'Σταυρούλα','Χριστοδούλου'),(6604819383267,'Χριστίνα','Τσιτσιμπίκου'),(6629370975730,'Αχιλλεύς','Παπανδρέου'),(6629370975730,'Δανάη','Χριστοδούλου'),(6629370975730,'Μάρκος','Πατρίκιος'),(6632716926317,'Σταυρούλα','Χριστοδούλου'),(6653159087817,'Διονύσιος','Σπυρίδωνος'),(6653159087817,'Μαρίνα','Αθανασίου'),(6682660543221,'Ευαγγελία','Καραγιάννη'),(6682660543221,'Ευσταθία','Καδιανάκη'),(6682660543221,'Λουκάς','Παπαμιχαήλ'),(6688751513177,'Στέφανος','Αθανασίου'),(6688751513177,'Χριστίνα','Τσιτσιμπίκου'),(6723873435411,'Αλίκη','Τσουμάκου'),(6723873435411,'Γρηγόριος','Χατζής'),(6723873435411,'Ευσταθία','Δαμασκηνού'),(6762375278243,'Ευσταθία','Καδιανάκη'),(6762375278243,'Μαρία','Αθανασίου'),(6848325114167,'Θωμάς','Παπαναστασίου'),(6848325114167,'Ιωάννης','Δημητρίου'),(6848325114167,'Σταυρούλα','Χριστοδούλου'),(6871703830013,'Γεώργιος','Παπαστεφάνου'),(6871703830013,'Μαρία','Αθανασίου'),(6931627909053,'Γεώργιος','Παπαμιχαήλ'),(6931627909053,'Ευσταθία','Δαμασκηνού'),(6931627909053,'Θεοδώρα','Τσουμάκου'),(7016908686537,'Αχιλλεύς','Παπανδρέου'),(7016908686537,'Γρηγόριος','Χατζής'),(7016908686537,'Παρασκευή','Κατσαρού'),(7158670919866,'Αλίκη','Βλάχου'),(7158670919866,'Γεώργιος','Παπαμιχαήλ'),(7158670919866,'Θεοδώρα','Τσουμάκου'),(7205097535074,'Παναγιώτα','Παυλίδου'),(7214248851312,'Αγάπη','Παπαδοπούλου'),(7214248851312,'Ευσταθία','Καδιανάκη'),(7214248851312,'Θεοδώρα','Τσουμάκου'),(7281413357185,'Γεώργιος','Παπαμιχαήλ'),(7367371304098,'Γεώργιος','Παπαστεφάνου'),(7434507091721,'Λουκάς','Κωνσταντίνου'),(7438096765267,'Γεώργιος','Παπαμιχαήλ'),(7450357055002,'Αχιλλεύς','Μιχαήλ'),(7450357055002,'Δέσποινα','Κατσαρού'),(7561444116695,'Δέσποινα','Κατσαρού'),(7561444116695,'Μαρία','Αθανασίου'),(7561444116695,'Ναυσικά','Αντωνίου'),(7567169927335,'Μάρκος','Πατρίκιος'),(7605024846753,'Παρασκευή','Αναστασίου'),(7605024846753,'Πέτρος','Αλεξίου'),(7659489693711,'Αγάπη','Παπαδοπούλου'),(7659489693711,'Αντώνιος','Κωνσταντίνου'),(7659489693711,'Σάββας','Παναγιωτίδης'),(7711413737235,'Βασιλική','Παυλίδου'),(7711413737235,'Μάρκος','Πατρίκιος'),(7755898641996,'Γρηγόριος','Χατζής'),(7755898641996,'Ευσταθία','Καδιανάκη'),(7755898641996,'Νικήτας','Ανδρικόπουλος'),(7792489045395,'Νίκολαος','Καδιανάκης'),(7811720330252,'Μάρκος','Πατρίκιος'),(7990244879027,'Αλέξανδρος','Γεωργίου'),(7990244879027,'Παναγιώτα','Παυλίδου'),(8132742901390,'Γεώργιος','Παπαμιχαήλ'),(8132742901390,'Σπύρίδων','Κοζύρης'),(8254238620165,'Παρασκευή','Κατσαρού'),(8264725327153,'Αγάπη','Παπαδοπούλου'),(8298667821950,'Δέσποινα','Κατσαρού'),(8336473825612,'Αλέξανδρος','Γεωργίου'),(8336473825612,'Γεώργιος','Παπαστεφάνου'),(8336473825612,'Ευσταθία','Καδιανάκη'),(8341696933214,'Παρασκευή','Κατσαρού'),(8418630659564,'Λουκάς','Κωνσταντίνου'),(8498752694348,'Αθηνά','Τσουμάκου'),(8521608397202,'Θωμάς','Παπαναστασίου'),(8521608397202,'Μαρία','Αθανασίου'),(8548363419878,'Λουκάς','Παπαμιχαήλ'),(8548363419878,'Νίκολαος','Καδιανάκης'),(8626958072945,'Λουκάς','Παπαμιχαήλ'),(8626958072945,'Σταυρούλα','Χριστοδούλου'),(8626958072945,'Στέφανος','Χριστοφόρου'),(8697261847388,'Γεώργιος','Παπαστεφάνου'),(8766336552641,'Πέτρος','Αλεξίου'),(8900757253020,'Σταυρούλα','Χριστοδούλου'),(8910950787911,'Στέφανος','Δημητρίου'),(8962836923420,'Αγάπη','Παπαδοπούλου'),(8962836923420,'Ναυσικά','Αθανασίου'),(8962836923420,'Στέφανος','Χριστοφόρου'),(8982090089752,'Νικήτας','Ανδρικόπουλος'),(9007144409202,'Αλέξανδρος','Τσουμάκος'),(9007144409202,'Αχιλλεύς','Μιχαήλ'),(9007144409202,'Μάρκος','Χριστοφόρου'),(9028150382753,'Ιωάννης','Δημητρίου'),(9033221237235,'Αγάπη','Παπαδοπούλου'),(9033221237235,'Ευαγγελία','Καραγιάννη'),(9033221237235,'Πέτρος','Αλεξίου'),(9094793362769,'Λουκάς','Παπαμιχαήλ'),(9094793362769,'Στέφανος','Χριστοφόρου'),(9109804213797,'Παρασκευή','Αναστασίου'),(9207742114175,'Αλέξανδρος','Γεωργίου'),(9207742114175,'Μαρίνα','Αθανασίου'),(9207742114175,'Νικήτας','Ανδρικόπουλος'),(9219034632769,'Στέφανος','Αθανασίου'),(9219034632769,'Χριστίνα','Καραβαγγέλη'),(9224583734754,'Θωμάς','Παπαναστασίου'),(9324118711655,'Στέφανος','Αθανασίου'),(9354178882597,'Θωμάς','Παπαναστασίου'),(9354178882597,'Λουκάς','Παπαμιχαήλ'),(9354178882597,'Μάρκος','Πατρίκιος'),(9406856102132,'Διονύσιος','Σπυρίδωνος'),(9406856102132,'Λουκάς','Παπαμιχαήλ'),(9490109880272,'Δανάη','Χριστοδούλου'),(9490109880272,'Ναυσικά','Αντωνίου'),(9491414035477,'Ευαγγελία','Καραγιάννη'),(9491414035477,'Μαρίνα','Αθανασίου'),(9547811883165,'Αθηνά','Τσουμάκου'),(9547811883165,'Νικήτας','Ανδρικόπουλος'),(9547811883165,'Παρασκευή','Κατσαρού'),(9567718119779,'Γεώργιος','Παπαστεφάνου'),(9574109824068,'Στέφανος','Αθανασίου'),(9574109824068,'Χριστίνα','Τσιτσιμπίκου'),(9577651658527,'Αλίκη','Τσουμάκου'),(9737863198576,'Δέσποινα','Κατσαρού'),(9737863198576,'Παρασκευή','Κατσαρού'),(9737863198576,'Σάββας','Παναγιωτίδης'),(9739130749705,'Ευαγγελία','Καραγιάννη'),(9739130749705,'Λουκάς','Κωνσταντίνου'),(9765654361715,'Αθηνά','Τσουμάκου'),(9811917595601,'Ευαγγελία','Καραγιάννη'),(9811917595601,'Ιωάννης','Δημητρίου'),(9811917595601,'Στέφανος','Δημητρίου'),(9812685120769,'Αλίκη','Τσουμάκου'),(9812685120769,'Μαρίνα','Αθανασίου'),(9858765974982,'Χριστίνα','Τσιτσιμπίκου'),(9862578231662,'Αθηνά','Τσουμάκου'),(9862578231662,'Θωμάς','Παπαναστασίου'),(9862578231662,'Χριστίνα','Τσιτσιμπίκου'),(9882758923892,'Δανάη','Χριστοδούλου'),(9882758923892,'Λουκάς','Κωνσταντίνου'),(9882758923892,'Παρασκευή','Αναστασίου'),(9993567451113,'Γεώργιος','Παπαμιχαήλ'),(9993567451113,'Ιωάννης','Δημητρίου');
/*!40000 ALTER TABLE `book_author` ENABLE KEYS */;
UNLOCK TABLES;

--
-- Table structure for table `book_category`
--

DROP TABLE IF EXISTS `book_category`;
/*!40101 SET @saved_cs_client     = @@character_set_client */;
/*!50503 SET character_set_client = utf8mb4 */;
CREATE TABLE `book_category` (
  `isbn` bigint unsigned NOT NULL,
  `category_name` varchar(40) NOT NULL,
  PRIMARY KEY (`isbn`,`category_name`),
  KEY `category_name` (`category_name`),
  KEY `idx_book_category_isbn` (`isbn`),
  CONSTRAINT `book_category_ibfk_1` FOREIGN KEY (`isbn`) REFERENCES `book` (`isbn`) ON DELETE CASCADE ON UPDATE CASCADE,
  CONSTRAINT `book_category_ibfk_2` FOREIGN KEY (`category_name`) REFERENCES `category` (`category_name`) ON DELETE CASCADE ON UPDATE CASCADE
) ENGINE=InnoDB DEFAULT CHARSET=utf8mb4 COLLATE=utf8mb4_0900_ai_ci;
/*!40101 SET character_set_client = @saved_cs_client */;

--
-- Dumping data for table `book_category`
--

LOCK TABLES `book_category` WRITE;
/*!40000 ALTER TABLE `book_category` DISABLE KEYS */;
INSERT INTO `book_category` VALUES (1073629279588,'Διαχείριση χρόνου'),(1073629279588,'Μυθιστόρημα'),(1073629279588,'Ταξίδια'),(1074560664703,'Αυτοβελτίωση'),(1074560664703,'Διαχείριση χρόνου'),(1074560664703,'Μυθιστόρημα'),(1116606958982,'Ποίηση'),(1116606958982,'Τέχνες'),(1126812354700,'Ιστορία'),(1126812354700,'Τέχνες'),(1153005436685,'Ταξίδια'),(1153005436685,'Τρόμου'),(1212148607497,'Μαγειρική'),(1212148607497,'Μυθιστόρημα'),(1234567890124,'Δράμα'),(1234567890124,'Λογοτεχνία'),(1292103779027,'Διαχείριση χρόνου'),(1292103779027,'Ιστορία'),(1297436011637,'Επιστήμη'),(1297436011637,'Επιστημονική Φαντασία'),(1297436011637,'Ταξίδια'),(1306445796635,'Διαχείριση χρόνου'),(1306445796635,'Λογοτεχνία'),(1306445796635,'Μαγειρική'),(1334143094508,'Δράμα'),(1334143094508,'Τρόμου'),(1347941499483,'Δράμα'),(1347941499483,'Λογοτεχνία'),(1430937623633,'Παιδικά'),(1430937623633,'Ταξίδια'),(1453031648935,'Λογοτεχνία'),(1453031648935,'Περιπέτεια'),(1453031648935,'Πνευματική Ανάπτυξη'),(1458823165875,'Μυθιστόρημα'),(1458823165875,'Ποίηση'),(1458823165875,'Τέχνες'),(1486540055135,'Βιογραφίες'),(1486540055135,'Ταξίδια'),(1486540055135,'Τέχνες'),(1488515868119,'Επιστημονική Φαντασία'),(1488515868119,'Μαγειρική'),(1489895785488,'Δράμα'),(1489895785488,'Περιπέτεια'),(1568254810189,'Βιογραφίες'),(1568254810189,'Μυθιστόρημα'),(1568254810189,'Παιδικά'),(1798300176342,'Περιβάλλον'),(1798300176342,'Φωτογραφία'),(1810256525578,'Οικονομία'),(1810256525578,'Τρόμου'),(1841363972930,'Βιογραφίες'),(1841363972930,'Διαχείριση χρόνου'),(1841363972930,'Τρόμου'),(1884752033664,'Βιογραφίες'),(1884752033664,'Επιστημονική Φαντασία'),(1889530462928,'Ιστορία'),(1889530462928,'Λογοτεχνία'),(1889530462928,'Ταξίδια'),(1999173972484,'Αυτοβελτίωση'),(1999173972484,'Διαχείριση χρόνου'),(1999173972484,'Τέχνες'),(1999175221635,'Διαχείριση χρόνου'),(1999175221635,'Ταξίδια'),(2012096842470,'Επιστήμη'),(2012096842470,'Μυθιστόρημα'),(2012096842470,'Ποίηση'),(2114657248842,'Περιβάλλον'),(2114657248842,'Τέχνες'),(2131928463530,'Δράμα'),(2131928463530,'Ποίηση'),(2145897665884,'Επιστήμη'),(2145897665884,'Οικονομία'),(2167684398452,'Ποίηση'),(2167684398452,'Τέχνες'),(2268167135439,'Οικονομία'),(2268167135439,'Περιβάλλον'),(2268167135439,'Ποίηση'),(2289945496584,'Διαχείριση χρόνου'),(2289945496584,'Οικονομία'),(2289945496584,'Περιβάλλον'),(2349417521177,'Επιστημονική Φαντασία'),(2349417521177,'Μυθιστόρημα'),(2364347149874,'Επιστήμη'),(2364347149874,'Επιστημονική Φαντασία'),(2364347149874,'Μυθιστόρημα'),(2372413716794,'Τρόμου'),(2372413716794,'Φωτογραφία'),(2396929730247,'Επιστήμη'),(2396929730247,'Παιδικά'),(2400288317436,'Βιογραφίες'),(2400288317436,'Μυθιστόρημα'),(2433916935501,'Δράμα'),(2433916935501,'Επιστημονική Φαντασία'),(2594664167353,'Επιστήμη'),(2594664167353,'Παιδικά'),(2833210167593,'Διαχείριση χρόνου'),(2833210167593,'Δράμα'),(2833210167593,'Επιστημονική Φαντασία'),(2903278609230,'Περιβάλλον'),(2903278609230,'Περιπέτεια'),(2903278609230,'Ταξίδια'),(2972451307144,'Διαχείριση χρόνου'),(2972451307144,'Δράμα'),(2984578966862,'Αυτοβελτίωση'),(2984578966862,'Επιστημονική Φαντασία'),(2984578966862,'Λογοτεχνία'),(3013463266893,'Επιστημονική Φαντασία'),(3013463266893,'Φωτογραφία'),(3064009453430,'Επιστημονική Φαντασία'),(3064009453430,'Περιπέτεια'),(3064009453430,'Φωτογραφία'),(3079396977330,'Βιογραφίες'),(3079396977330,'Περιβάλλον'),(3107335369872,'Ιστορία'),(3107335369872,'Τέχνες'),(3127865758618,'Μυθιστόρημα'),(3127865758618,'Περιπέτεια'),(3127865758618,'Ποίηση'),(3174778329473,'Επιστήμη'),(3174778329473,'Μυθιστόρημα'),(3182701383200,'Επιστήμη'),(3182701383200,'Περιβάλλον'),(3193969717953,'Διαχείριση χρόνου'),(3193969717953,'Περιβάλλον'),(3193969717953,'Τέχνες'),(3207473542944,'Οικονομία'),(3207473542944,'Ταξίδια'),(3220123116607,'Αυτοβελτίωση'),(3220123116607,'Βιογραφίες'),(3220123116607,'Επιστημονική Φαντασία'),(3243125056920,'Επιστήμη'),(3243125056920,'Τέχνες'),(3261285399325,'Επιστήμη'),(3261285399325,'Περιπέτεια'),(3261285399325,'Τέχνες'),(3297437336773,'Λογοτεχνία'),(3297437336773,'Τέχνες'),(3348697188116,'Μυθιστόρημα'),(3348697188116,'Παιδικά'),(3578107963372,'Ιστορία'),(3578107963372,'Μυθιστόρημα'),(3618456023178,'Ιστορία'),(3618456023178,'Παιδικά'),(3618456023178,'Περιβάλλον'),(3636299678055,'Οικονομία'),(3636299678055,'Περιβάλλον'),(3656018719947,'Επιστήμη'),(3656018719947,'Ποίηση'),(3692740665327,'Επιστημονική Φαντασία'),(3692740665327,'Ταξίδια'),(3692740665327,'Φωτογραφία'),(3756980224276,'Ταξίδια'),(3756980224276,'Φωτογραφία'),(3770947998401,'Αυτοβελτίωση'),(3770947998401,'Επιστημονική Φαντασία'),(3770947998401,'Περιβάλλον'),(3802096622413,'Βιογραφίες'),(3802096622413,'Μαγειρική'),(3802096622413,'Ποίηση'),(3925719614933,'Διαχείριση χρόνου'),(3925719614933,'Περιβάλλον'),(4089950673159,'Διαχείριση χρόνου'),(4089950673159,'Επιστήμη'),(4115250890401,'Δράμα'),(4115250890401,'Οικονομία'),(4115250890401,'Ποίηση'),(4140951777695,'Δράμα'),(4140951777695,'Μυθιστόρημα'),(4152806489920,'Βιογραφίες'),(4152806489920,'Πνευματική Ανάπτυξη'),(4152806489920,'Τρόμου'),(4173279492495,'Παιδικά'),(4173279492495,'Περιβάλλον'),(4268627099896,'Ιστορία'),(4268627099896,'Ποίηση'),(4296522430758,'Διαχείριση χρόνου'),(4296522430758,'Περιβάλλον'),(4296522430758,'Περιπέτεια'),(4391229539277,'Βιογραφίες'),(4391229539277,'Ποίηση'),(4391229539277,'Ταξίδια'),(4440304732510,'Αυτοβελτίωση'),(4440304732510,'Επιστημονική Φαντασία'),(4440304732510,'Πνευματική Ανάπτυξη'),(4454807324148,'Διαχείριση χρόνου'),(4454807324148,'Ιστορία'),(4454807324148,'Περιβάλλον'),(4505048373798,'Αυτοβελτίωση'),(4505048373798,'Μαγειρική'),(4589910366138,'Δράμα'),(4589910366138,'Πνευματική Ανάπτυξη'),(4606566578861,'Πνευματική Ανάπτυξη'),(4606566578861,'Ποίηση'),(4650969131516,'Μαγειρική'),(4650969131516,'Τέχνες'),(4650969131516,'Τρόμου'),(4667412452750,'Βιογραφίες'),(4667412452750,'Διαχείριση χρόνου'),(4667412452750,'Μαγειρική'),(4693874922830,'Αυτοβελτίωση'),(4693874922830,'Επιστημονική Φαντασία'),(4751001788808,'Μυθιστόρημα'),(4751001788808,'Τέχνες'),(4770340963387,'Αυτοβελτίωση'),(4770340963387,'Βιογραφίες'),(4785138356950,'Δράμα'),(4785138356950,'Επιστημονική Φαντασία'),(4832966441647,'Λογοτεχνία'),(4832966441647,'Φωτογραφία'),(4858225663620,'Ιστορία'),(4858225663620,'Λογοτεχνία'),(4869870691198,'Μαγειρική'),(4869870691198,'Μυθιστόρημα'),(4869870691198,'Τρόμου'),(4929859987550,'Επιστήμη'),(4929859987550,'Ταξίδια'),(4929859987550,'Τέχνες'),(4946671575029,'Ταξίδια'),(4946671575029,'Φωτογραφία'),(5015118156484,'Ταξίδια'),(5015118156484,'Φωτογραφία'),(5183409819690,'Περιβάλλον'),(5183409819690,'Πνευματική Ανάπτυξη'),(5183409819690,'Τέχνες'),(5456429866755,'Διαχείριση χρόνου'),(5456429866755,'Πνευματική Ανάπτυξη'),(5456429866755,'Ταξίδια'),(5494724089011,'Λογοτεχνία'),(5494724089011,'Ποίηση'),(5508185951725,'Ιστορία'),(5508185951725,'Παιδικά'),(5508185951725,'Πνευματική Ανάπτυξη'),(5517373755374,'Βιογραφίες'),(5517373755374,'Ποίηση'),(5566444965150,'Διαχείριση χρόνου'),(5566444965150,'Περιβάλλον'),(5566444965150,'Φωτογραφία'),(5880267763753,'Περιπέτεια'),(5880267763753,'Φωτογραφία'),(6027037313846,'Οικονομία'),(6027037313846,'Πνευματική Ανάπτυξη'),(6145925892422,'Περιπέτεια'),(6145925892422,'Τέχνες'),(6153360567012,'Δράμα'),(6153360567012,'Περιπέτεια'),(6219856404541,'Μαγειρική'),(6219856404541,'Περιπέτεια'),(6287708802067,'Αυτοβελτίωση'),(6287708802067,'Ποίηση'),(6287708802067,'Τέχνες'),(6331997014819,'Οικονομία'),(6331997014819,'Ποίηση'),(6331997014819,'Τέχνες'),(6350033594347,'Δράμα'),(6350033594347,'Επιστημονική Φαντασία'),(6350033594347,'Τέχνες'),(6452966853203,'Διαχείριση χρόνου'),(6452966853203,'Λογοτεχνία'),(6452966853203,'Μυθιστόρημα'),(6456794880303,'Αυτοβελτίωση'),(6456794880303,'Επιστήμη'),(6511646113812,'Επιστημονική Φαντασία'),(6511646113812,'Περιπέτεια'),(6511646113812,'Ποίηση'),(6604819383267,'Λογοτεχνία'),(6604819383267,'Περιβάλλον'),(6629370975730,'Βιογραφίες'),(6629370975730,'Επιστήμη'),(6632716926317,'Λογοτεχνία'),(6632716926317,'Ποίηση'),(6632716926317,'Φωτογραφία'),(6653159087817,'Βιογραφίες'),(6653159087817,'Δράμα'),(6653159087817,'Πνευματική Ανάπτυξη'),(6682660543221,'Διαχείριση χρόνου'),(6682660543221,'Επιστημονική Φαντασία'),(6682660543221,'Τέχνες'),(6688751513177,'Λογοτεχνία'),(6688751513177,'Πνευματική Ανάπτυξη'),(6688751513177,'Τέχνες'),(6723873435411,'Δράμα'),(6723873435411,'Παιδικά'),(6723873435411,'Περιβάλλον'),(6762375278243,'Επιστήμη'),(6762375278243,'Μυθιστόρημα'),(6762375278243,'Ταξίδια'),(6848325114167,'Επιστημονική Φαντασία'),(6848325114167,'Περιπέτεια'),(6871703830013,'Επιστήμη'),(6871703830013,'Μυθιστόρημα'),(6871703830013,'Περιβάλλον'),(6931627909053,'Ιστορία'),(6931627909053,'Λογοτεχνία'),(6931627909053,'Ποίηση'),(7016908686537,'Περιβάλλον'),(7016908686537,'Φωτογραφία'),(7158670919866,'Ιστορία'),(7158670919866,'Περιπέτεια'),(7158670919866,'Φωτογραφία'),(7205097535074,'Διαχείριση χρόνου'),(7205097535074,'Επιστήμη'),(7205097535074,'Παιδικά'),(7214248851312,'Δράμα'),(7214248851312,'Μυθιστόρημα'),(7214248851312,'Τέχνες'),(7281413357185,'Μαγειρική'),(7281413357185,'Οικονομία'),(7367371304098,'Μυθιστόρημα'),(7367371304098,'Τέχνες'),(7434507091721,'Αυτοβελτίωση'),(7434507091721,'Μαγειρική'),(7438096765267,'Περιβάλλον'),(7438096765267,'Τρόμου'),(7450357055002,'Παιδικά'),(7450357055002,'Τέχνες'),(7450357055002,'Τρόμου'),(7561444116695,'Περιπέτεια'),(7561444116695,'Πνευματική Ανάπτυξη'),(7561444116695,'Τρόμου'),(7567169927335,'Επιστήμη'),(7567169927335,'Μυθιστόρημα'),(7567169927335,'Οικονομία'),(7605024846753,'Επιστήμη'),(7605024846753,'Λογοτεχνία'),(7659489693711,'Βιογραφίες'),(7659489693711,'Παιδικά'),(7659489693711,'Ταξίδια'),(7711413737235,'Λογοτεχνία'),(7711413737235,'Παιδικά'),(7711413737235,'Τέχνες'),(7755898641996,'Δράμα'),(7755898641996,'Οικονομία'),(7755898641996,'Τρόμου'),(7792489045395,'Αυτοβελτίωση'),(7792489045395,'Διαχείριση χρόνου'),(7811720330252,'Περιβάλλον'),(7811720330252,'Ταξίδια'),(7990244879027,'Παιδικά'),(7990244879027,'Τρόμου'),(8132742901390,'Δράμα'),(8132742901390,'Λογοτεχνία'),(8254238620165,'Μυθιστόρημα'),(8254238620165,'Περιβάλλον'),(8264725327153,'Δράμα'),(8264725327153,'Επιστήμη'),(8264725327153,'Τρόμου'),(8298667821950,'Δράμα'),(8298667821950,'Περιβάλλον'),(8336473825612,'Λογοτεχνία'),(8336473825612,'Περιπέτεια'),(8341696933214,'Βιογραφίες'),(8341696933214,'Ταξίδια'),(8418630659564,'Αυτοβελτίωση'),(8418630659564,'Περιβάλλον'),(8498752694348,'Αυτοβελτίωση'),(8498752694348,'Πνευματική Ανάπτυξη'),(8498752694348,'Τρόμου'),(8521608397202,'Δράμα'),(8521608397202,'Ποίηση'),(8521608397202,'Ταξίδια'),(8548363419878,'Ιστορία'),(8548363419878,'Λογοτεχνία'),(8626958072945,'Επιστημονική Φαντασία'),(8626958072945,'Τέχνες'),(8697261847388,'Αυτοβελτίωση'),(8697261847388,'Μαγειρική'),(8697261847388,'Οικονομία'),(8766336552641,'Διαχείριση χρόνου'),(8766336552641,'Μυθιστόρημα'),(8766336552641,'Περιβάλλον'),(8900757253020,'Λογοτεχνία'),(8900757253020,'Ταξίδια'),(8910950787911,'Λογοτεχνία'),(8910950787911,'Ταξίδια'),(8962836923420,'Περιβάλλον'),(8962836923420,'Ποίηση'),(8962836923420,'Τρόμου'),(8982090089752,'Δράμα'),(8982090089752,'Ιστορία'),(8982090089752,'Τέχνες'),(9007144409202,'Επιστημονική Φαντασία'),(9007144409202,'Οικονομία'),(9007144409202,'Φωτογραφία'),(9028150382753,'Βιογραφίες'),(9028150382753,'Οικονομία'),(9028150382753,'Ταξίδια'),(9033221237235,'Αυτοβελτίωση'),(9033221237235,'Περιπέτεια'),(9094793362769,'Λογοτεχνία'),(9094793362769,'Ταξίδια'),(9094793362769,'Φωτογραφία'),(9109804213797,'Παιδικά'),(9109804213797,'Τρόμου'),(9109804213797,'Φωτογραφία'),(9207742114175,'Λογοτεχνία'),(9207742114175,'Μαγειρική'),(9207742114175,'Ποίηση'),(9219034632769,'Αυτοβελτίωση'),(9219034632769,'Βιογραφίες'),(9224583734754,'Μαγειρική'),(9224583734754,'Ταξίδια'),(9324118711655,'Λογοτεχνία'),(9324118711655,'Μυθιστόρημα'),(9354178882597,'Αυτοβελτίωση'),(9354178882597,'Επιστημονική Φαντασία'),(9354178882597,'Ποίηση'),(9406856102132,'Βιογραφίες'),(9406856102132,'Ιστορία'),(9406856102132,'Μυθιστόρημα'),(9490109880272,'Ιστορία'),(9490109880272,'Μυθιστόρημα'),(9490109880272,'Οικονομία'),(9491414035477,'Αυτοβελτίωση'),(9491414035477,'Λογοτεχνία'),(9547811883165,'Αυτοβελτίωση'),(9547811883165,'Επιστημονική Φαντασία'),(9547811883165,'Λογοτεχνία'),(9567718119779,'Δράμα'),(9567718119779,'Λογοτεχνία'),(9574109824068,'Διαχείριση χρόνου'),(9574109824068,'Επιστημονική Φαντασία'),(9574109824068,'Φωτογραφία'),(9577651658527,'Διαχείριση χρόνου'),(9577651658527,'Τέχνες'),(9737863198576,'Διαχείριση χρόνου'),(9737863198576,'Ιστορία'),(9737863198576,'Πνευματική Ανάπτυξη'),(9739130749705,'Διαχείριση χρόνου'),(9739130749705,'Ταξίδια'),(9765654361715,'Αυτοβελτίωση'),(9765654361715,'Περιβάλλον'),(9811917595601,'Ποίηση'),(9811917595601,'Ταξίδια'),(9812685120769,'Ιστορία'),(9812685120769,'Μαγειρική'),(9812685120769,'Παιδικά'),(9858765974982,'Αυτοβελτίωση'),(9858765974982,'Ταξίδια'),(9858765974982,'Φωτογραφία'),(9862578231662,'Δράμα'),(9862578231662,'Λογοτεχνία'),(9862578231662,'Ταξίδια'),(9882758923892,'Ιστορία'),(9882758923892,'Ποίηση'),(9882758923892,'Φωτογραφία'),(9993567451113,'Λογοτεχνία'),(9993567451113,'Περιπέτεια'),(9993567451113,'Ταξίδια');
/*!40000 ALTER TABLE `book_category` ENABLE KEYS */;
UNLOCK TABLES;

--
-- Table structure for table `borrow`
--

DROP TABLE IF EXISTS `borrow`;
/*!40101 SET @saved_cs_client     = @@character_set_client */;
/*!50503 SET character_set_client = utf8mb4 */;
CREATE TABLE `borrow` (
  `borrow_id` int unsigned NOT NULL AUTO_INCREMENT,
  `user_id` mediumint unsigned NOT NULL,
  `admin_id` mediumint unsigned NOT NULL,
  `isbn` bigint unsigned NOT NULL,
  `borrow_date` date NOT NULL,
  `returned` tinyint(1) NOT NULL DEFAULT '0',
  `late` tinyint(1) NOT NULL DEFAULT '0',
  PRIMARY KEY (`borrow_id`),
  KEY `idx_borrow_admin_id` (`admin_id`),
  KEY `idx_borrow_isbn_id` (`isbn`),
  KEY `idx_borrow_user_id` (`user_id`),
  KEY `idx_borrow_date` (`borrow_date`),
  CONSTRAINT `borrow_ibfk_1` FOREIGN KEY (`isbn`) REFERENCES `library_book` (`isbn`) ON DELETE CASCADE ON UPDATE CASCADE,
  CONSTRAINT `borrow_ibfk_2` FOREIGN KEY (`user_id`) REFERENCES `simple_user` (`user_id`) ON DELETE CASCADE ON UPDATE CASCADE,
  CONSTRAINT `borrow_ibfk_3` FOREIGN KEY (`admin_id`) REFERENCES `school_admin` (`user_id`) ON UPDATE CASCADE
) ENGINE=InnoDB AUTO_INCREMENT=771 DEFAULT CHARSET=utf8mb4 COLLATE=utf8mb4_0900_ai_ci;
/*!40101 SET character_set_client = @saved_cs_client */;

--
-- Dumping data for table `borrow`
--

LOCK TABLES `borrow` WRITE;
/*!40000 ALTER TABLE `borrow` DISABLE KEYS */;
INSERT INTO `borrow` VALUES (1,135,2,1430937623633,'2022-05-11',1,0),(2,24,2,8521608397202,'2022-10-25',1,0),(3,51,2,6153360567012,'2022-02-27',1,0),(4,115,2,4268627099896,'2022-12-19',1,0),(5,68,2,9219034632769,'2022-02-10',1,0),(6,150,2,4693874922830,'2022-06-13',1,0),(7,68,2,8900757253020,'2022-10-15',1,0),(8,115,2,6931627909053,'2022-07-08',1,0),(9,115,2,9547811883165,'2022-05-25',1,0),(10,29,2,3107335369872,'2022-08-23',1,0),(11,101,2,5566444965150,'2022-01-06',1,0),(12,89,2,5566444965150,'2022-02-13',1,0),(13,153,2,4268627099896,'2022-04-22',1,0),(14,24,2,9033221237235,'2022-02-09',1,0),(15,24,2,4606566578861,'2022-03-17',1,0),(16,135,2,9207742114175,'2022-05-10',1,0),(17,91,2,3220123116607,'2022-10-03',1,0),(18,115,2,6871703830013,'2022-09-17',1,0),(19,59,2,2372413716794,'2022-06-11',1,0),(20,135,2,9094793362769,'2022-07-22',1,0),(21,135,2,8697261847388,'2022-11-24',1,0),(22,118,2,1889530462928,'2022-03-16',1,0),(23,135,2,5566444965150,'2022-12-07',1,0),(24,165,2,6871703830013,'2022-11-12',1,0),(25,51,2,1488515868119,'2022-09-05',1,0),(26,118,2,6511646113812,'2022-07-18',1,0),(27,29,2,3013463266893,'2022-10-22',1,0),(28,135,2,3692740665327,'2022-01-04',1,0),(29,59,2,2400288317436,'2022-08-05',1,0),(30,91,2,7755898641996,'2022-10-02',1,0),(31,165,2,1489895785488,'2022-11-06',1,0),(32,150,2,6762375278243,'2022-09-26',1,0),(33,150,2,9862578231662,'2022-09-13',1,0),(34,29,2,8336473825612,'2022-09-14',1,0),(35,29,2,9765654361715,'2022-08-02',1,0),(36,115,2,6762375278243,'2022-11-09',1,0),(37,165,2,4929859987550,'2022-10-08',1,0),(38,135,2,6153360567012,'2022-06-01',1,0),(39,68,2,7990244879027,'2022-08-12',1,0),(40,91,2,8132742901390,'2022-11-20',1,0),(41,68,2,9207742114175,'2022-07-12',1,0),(42,118,2,4606566578861,'2022-11-21',1,0),(43,115,2,6219856404541,'2022-06-06',1,0),(44,153,2,8697261847388,'2022-07-22',1,0),(45,24,2,6688751513177,'2022-11-11',1,0),(46,89,2,9574109824068,'2022-01-07',1,0),(47,91,2,2400288317436,'2022-06-14',1,0),(48,59,2,9574109824068,'2022-08-15',1,0),(49,51,2,1126812354700,'2022-04-19',1,0),(50,59,2,9490109880272,'2022-07-19',1,0),(51,150,2,1126812354700,'2022-12-06',1,0),(52,51,2,1126812354700,'2022-08-18',1,0),(53,118,2,4296522430758,'2022-03-20',1,0),(54,165,2,3064009453430,'2022-06-18',1,0),(55,153,2,3656018719947,'2022-12-28',1,0),(56,89,2,9219034632769,'2022-01-18',1,0),(57,51,2,6653159087817,'2022-03-10',1,0),(58,51,2,5494724089011,'2022-05-26',1,0),(59,89,2,9224583734754,'2022-03-10',1,0),(60,51,2,8900757253020,'2022-07-14',1,0),(61,135,2,4589910366138,'2022-08-21',1,0),(62,153,2,9737863198576,'2022-01-17',1,0),(63,68,2,3802096622413,'2022-08-18',1,0),(64,135,2,9033221237235,'2022-07-07',1,0),(65,101,2,5015118156484,'2022-11-16',1,0),(66,118,2,5566444965150,'2022-08-28',1,0),(67,115,2,3656018719947,'2022-06-17',1,0),(68,91,2,4832966441647,'2022-10-13',1,0),(69,51,2,3064009453430,'2022-11-16',1,0),(70,89,2,7016908686537,'2022-03-25',1,0),(71,89,2,4589910366138,'2022-09-15',1,0),(72,115,2,9574109824068,'2022-10-18',1,0),(73,59,2,2268167135439,'2022-08-09',1,0),(74,89,2,9765654361715,'2022-01-24',1,0),(75,91,2,6931627909053,'2022-09-13',1,0),(76,150,2,1126812354700,'2022-02-25',1,0),(77,165,2,2268167135439,'2022-10-13',1,0),(78,118,2,1334143094508,'2022-05-04',1,0),(79,59,2,6653159087817,'2022-06-21',1,0),(80,51,2,6511646113812,'2022-09-04',1,0),(81,93,3,6688751513177,'2022-06-07',1,0),(82,129,3,9224583734754,'2022-03-13',1,0),(83,129,3,9812685120769,'2022-12-22',1,0),(84,71,3,1430937623633,'2022-09-23',1,0),(85,96,3,5508185951725,'2022-02-04',1,0),(86,93,3,6145925892422,'2022-05-08',1,0),(87,73,3,4606566578861,'2022-12-24',1,0),(88,103,3,4440304732510,'2022-02-22',1,0),(89,93,3,5566444965150,'2022-12-02',1,0),(90,84,3,6331997014819,'2022-06-12',1,0),(91,112,3,6653159087817,'2022-12-08',1,0),(92,105,3,2972451307144,'2022-05-28',1,0),(93,37,3,7659489693711,'2022-04-10',1,0),(94,71,3,9028150382753,'2022-06-11',1,0),(95,37,3,4440304732510,'2022-12-13',1,0),(96,73,3,4440304732510,'2022-08-03',1,0),(97,127,3,2984578966862,'2022-04-16',1,0),(98,105,3,9207742114175,'2022-11-13',1,0),(99,84,3,9993567451113,'2022-04-23',1,0),(100,105,3,6027037313846,'2022-03-12',1,0),(101,105,3,8766336552641,'2022-05-25',1,0),(102,37,3,3064009453430,'2022-08-23',1,0),(103,73,3,4751001788808,'2022-03-17',1,0),(104,145,3,3064009453430,'2022-02-16',1,0),(105,112,3,9858765974982,'2022-02-01',1,0),(106,155,3,2594664167353,'2022-10-02',1,0),(107,138,3,5015118156484,'2022-01-07',1,0),(108,138,3,4785138356950,'2022-12-18',1,0),(109,105,3,3925719614933,'2022-02-06',1,0),(110,145,3,1347941499483,'2022-12-22',1,0),(111,105,3,7567169927335,'2022-09-25',1,0),(112,71,3,8298667821950,'2022-09-02',1,0),(113,37,3,3243125056920,'2022-03-12',1,0),(114,96,3,9567718119779,'2022-05-06',1,0),(115,129,3,9109804213797,'2022-09-14',1,0),(116,129,3,1334143094508,'2022-02-17',1,0),(117,129,3,7158670919866,'2022-04-13',1,0),(118,73,3,3193969717953,'2022-04-11',1,0),(119,112,3,1297436011637,'2022-05-21',1,0),(120,71,3,6629370975730,'2022-11-10',1,0),(121,113,3,1306445796635,'2022-05-22',1,0),(122,84,3,9028150382753,'2022-06-17',1,0),(123,127,3,7214248851312,'2022-02-25',1,0),(124,73,3,9224583734754,'2022-04-01',1,0),(125,96,3,5494724089011,'2022-01-02',1,0),(126,155,3,6027037313846,'2022-07-27',1,0),(127,78,3,7016908686537,'2022-12-03',1,0),(128,103,3,9207742114175,'2022-03-08',1,0),(129,113,3,2433916935501,'2022-05-20',1,0),(130,155,3,4869870691198,'2022-01-19',1,0),(131,129,3,9028150382753,'2022-03-10',1,0),(132,76,3,4454807324148,'2022-03-25',1,0),(133,73,3,2349417521177,'2022-08-02',1,0),(134,114,3,8418630659564,'2022-03-15',1,0),(135,155,3,7792489045395,'2022-04-12',1,0),(136,73,3,5015118156484,'2022-06-08',1,0),(137,103,3,4140951777695,'2022-03-19',1,0),(138,114,3,3013463266893,'2022-05-23',1,0),(139,96,3,1153005436685,'2022-04-23',1,0),(140,127,3,4751001788808,'2022-06-25',1,0),(141,93,3,9094793362769,'2022-08-12',1,0),(142,122,3,9858765974982,'2022-12-22',1,0),(143,78,3,6331997014819,'2022-12-15',1,0),(144,155,3,2349417521177,'2022-05-17',1,0),(145,145,3,6027037313846,'2022-10-22',1,0),(146,155,3,2433916935501,'2022-03-01',1,0),(147,127,3,9765654361715,'2022-08-22',1,0),(148,103,3,3064009453430,'2022-10-03',1,0),(149,78,3,6688751513177,'2022-03-05',1,0),(150,112,3,3925719614933,'2022-12-28',1,0),(151,113,3,6331997014819,'2022-11-20',1,0),(152,162,3,6688751513177,'2022-12-10',1,0),(153,96,3,5494724089011,'2022-05-21',1,0),(154,122,3,3193969717953,'2022-01-27',1,0),(155,122,3,1999175221635,'2022-07-04',1,0),(156,114,3,6871703830013,'2022-10-16',1,0),(157,129,3,5508185951725,'2022-01-25',1,0),(158,71,3,1999175221635,'2022-02-14',1,0),(159,96,3,3578107963372,'2022-03-12',1,0),(160,96,3,8626958072945,'2022-01-09',1,0),(161,161,4,7990244879027,'2022-06-03',1,0),(162,161,4,4946671575029,'2022-04-28',1,0),(163,77,4,7792489045395,'2022-07-17',1,0),(164,26,4,8766336552641,'2022-10-07',1,0),(165,33,4,9219034632769,'2022-05-10',1,0),(166,139,4,1347941499483,'2022-07-19',1,0),(167,9,4,3127865758618,'2022-11-17',1,0),(168,63,4,6653159087817,'2022-08-07',1,0),(169,133,4,6632716926317,'2022-01-18',1,0),(170,140,4,3079396977330,'2022-12-17',1,0),(171,77,4,8766336552641,'2022-06-26',1,0),(172,159,4,4152806489920,'2022-02-04',1,0),(173,58,4,4858225663620,'2022-02-09',1,0),(174,39,4,9739130749705,'2022-10-22',1,0),(175,86,4,9207742114175,'2022-08-19',1,0),(176,161,4,8910950787911,'2022-02-15',1,0),(177,58,4,6848325114167,'2022-09-07',1,0),(178,86,4,1841363972930,'2022-05-22',1,0),(179,137,4,9574109824068,'2022-06-20',1,0),(180,144,4,7605024846753,'2022-07-25',1,0),(181,147,4,4751001788808,'2022-07-18',1,0),(182,23,4,8132742901390,'2022-02-15',1,0),(183,137,4,9812685120769,'2022-10-20',1,0),(184,144,4,9109804213797,'2022-07-23',1,0),(185,86,4,8910950787911,'2022-10-03',1,0),(186,123,4,6682660543221,'2022-05-15',1,0),(187,139,4,4751001788808,'2022-10-12',1,0),(188,30,4,9574109824068,'2022-11-01',1,0),(189,116,4,9354178882597,'2022-11-07',1,0),(190,123,4,6219856404541,'2022-07-17',1,0),(191,139,4,6452966853203,'2022-01-02',1,0),(192,87,4,8341696933214,'2022-01-04',1,0),(193,161,4,6145925892422,'2022-01-23',1,0),(194,60,4,7450357055002,'2022-04-02',1,0),(195,30,4,7605024846753,'2022-05-02',1,0),(196,123,4,3079396977330,'2022-01-19',1,0),(197,55,4,9324118711655,'2022-11-03',1,0),(198,33,4,1347941499483,'2022-08-14',1,0),(199,161,4,2594664167353,'2022-06-08',1,0),(200,133,4,6145925892422,'2022-02-18',1,0),(201,26,4,9567718119779,'2022-03-19',1,0),(202,58,4,8341696933214,'2022-12-08',1,0),(203,60,4,4296522430758,'2022-06-11',1,0),(204,98,4,1430937623633,'2022-10-15',1,0),(205,87,4,1884752033664,'2022-12-28',1,0),(206,9,4,9812685120769,'2022-10-16',1,0),(207,63,4,8264725327153,'2022-04-12',1,0),(208,63,4,9567718119779,'2022-08-11',1,0),(209,144,4,4140951777695,'2022-12-14',1,0),(210,33,4,2833210167593,'2022-10-08',1,0),(211,159,4,9737863198576,'2022-01-07',1,0),(212,60,4,4505048373798,'2022-07-26',1,0),(213,63,4,8418630659564,'2022-09-27',1,0),(214,116,4,1999175221635,'2022-08-12',1,0),(215,55,4,8132742901390,'2022-05-13',1,0),(216,23,4,9109804213797,'2022-10-05',1,0),(217,39,4,7016908686537,'2022-10-12',1,0),(218,55,4,4296522430758,'2022-08-22',1,0),(219,111,4,3297437336773,'2022-06-15',1,0),(220,139,4,8910950787911,'2022-06-24',1,0),(221,9,4,5517373755374,'2022-07-25',1,0),(222,140,4,4770340963387,'2022-05-11',1,0),(223,63,4,6219856404541,'2022-07-16',1,0),(224,137,4,8766336552641,'2022-07-15',1,0),(225,111,4,9109804213797,'2022-10-27',1,0),(226,159,4,4751001788808,'2022-06-17',1,0),(227,98,4,1292103779027,'2022-09-03',1,0),(228,39,4,7438096765267,'2022-12-23',1,0),(229,98,4,1347941499483,'2022-02-01',1,0),(230,55,4,4589910366138,'2022-06-01',1,0),(231,60,4,1999175221635,'2022-12-12',1,0),(232,132,4,3127865758618,'2022-04-17',1,0),(233,55,4,3756980224276,'2022-08-26',1,0),(234,77,4,9028150382753,'2022-04-11',1,0),(235,159,4,4946671575029,'2022-05-06',1,0),(236,9,4,3925719614933,'2022-08-08',1,0),(237,159,4,8910950787911,'2022-07-23',1,0),(238,123,4,7438096765267,'2022-10-21',1,0),(239,23,4,4505048373798,'2022-11-03',1,0),(240,86,4,6452966853203,'2022-04-04',1,0),(241,106,5,7438096765267,'2022-12-17',1,0),(242,48,5,7561444116695,'2022-07-16',1,0),(243,119,5,3207473542944,'2022-08-28',1,0),(244,167,5,1798300176342,'2022-04-06',1,0),(245,158,5,2167684398452,'2022-04-22',1,0),(246,166,5,6723873435411,'2022-04-04',1,0),(247,158,5,3064009453430,'2022-06-12',1,0),(248,119,5,9567718119779,'2022-08-02',1,0),(249,156,5,6632716926317,'2022-03-18',1,0),(250,109,5,3243125056920,'2022-10-19',1,0),(251,130,5,7711413737235,'2022-11-12',1,0),(252,136,5,6145925892422,'2022-06-22',1,0),(253,107,5,9811917595601,'2022-11-15',1,0),(254,124,5,4946671575029,'2022-07-10',1,0),(255,121,5,9812685120769,'2022-08-14',1,0),(256,158,5,9354178882597,'2022-01-24',1,0),(257,149,5,9109804213797,'2022-12-18',1,0),(258,85,5,8298667821950,'2022-03-11',1,0),(259,79,5,4268627099896,'2022-11-10',1,0),(260,79,5,4785138356950,'2022-03-27',1,0),(261,79,5,8766336552641,'2022-07-17',1,0),(262,157,5,3243125056920,'2022-06-17',1,0),(263,130,5,5494724089011,'2022-04-23',1,0),(264,28,5,9547811883165,'2022-02-23',1,0),(265,44,5,3207473542944,'2022-05-10',1,0),(266,117,5,2268167135439,'2022-03-16',1,0),(267,106,5,8962836923420,'2022-08-07',1,0),(268,130,5,9812685120769,'2022-01-04',1,0),(269,167,5,2833210167593,'2022-11-25',1,0),(270,124,5,3618456023178,'2022-12-11',1,0),(271,79,5,2372413716794,'2022-10-04',1,0),(272,166,5,4268627099896,'2022-04-19',1,0),(273,141,5,2268167135439,'2022-06-14',1,0),(274,124,5,9109804213797,'2022-10-22',1,0),(275,28,5,3578107963372,'2022-10-28',1,0),(276,166,5,4650969131516,'2022-10-04',1,0),(277,43,5,2289945496584,'2022-09-25',1,0),(278,90,5,7561444116695,'2022-12-09',1,0),(279,109,5,1297436011637,'2022-12-09',1,0),(280,167,5,4693874922830,'2022-01-09',1,0),(281,152,5,1889530462928,'2022-10-22',1,0),(282,156,5,9811917595601,'2022-03-10',1,0),(283,163,5,8132742901390,'2022-07-10',1,0),(284,106,5,6762375278243,'2022-05-06',1,0),(285,158,5,1889530462928,'2022-08-16',1,0),(286,119,5,3261285399325,'2022-07-11',1,0),(287,69,5,6350033594347,'2022-11-23',1,0),(288,44,5,4454807324148,'2022-04-05',1,0),(289,54,5,9882758923892,'2022-11-07',1,0),(290,109,5,1798300176342,'2022-09-28',1,0),(291,20,5,2903278609230,'2022-02-20',1,0),(292,80,5,6350033594347,'2022-07-20',1,0),(293,117,5,8132742901390,'2022-11-19',1,0),(294,107,5,3013463266893,'2022-01-24',1,0),(295,36,5,7561444116695,'2022-01-12',1,0),(296,21,5,7990244879027,'2022-10-11',1,0),(297,90,5,7711413737235,'2022-10-12',1,0),(298,158,5,9207742114175,'2022-03-10',1,0),(299,107,5,5494724089011,'2022-12-18',1,0),(300,117,5,3182701383200,'2022-07-24',1,0),(301,124,5,9739130749705,'2022-05-12',1,0),(302,166,5,1306445796635,'2022-06-11',1,0),(303,124,5,1116606958982,'2022-02-04',1,0),(304,28,5,7561444116695,'2022-06-25',1,0),(305,79,5,6350033594347,'2022-09-02',1,0),(306,21,5,4440304732510,'2022-10-18',1,0),(307,80,5,1297436011637,'2022-01-13',1,0),(308,69,5,9490109880272,'2022-11-01',1,0),(309,54,5,3656018719947,'2022-11-11',1,0),(310,85,5,1334143094508,'2022-11-18',1,0),(311,163,5,6688751513177,'2022-12-11',1,0),(312,156,5,4173279492495,'2022-03-19',1,0),(313,52,5,7990244879027,'2022-05-07',1,0),(314,163,5,9354178882597,'2022-01-04',1,0),(315,141,5,3618456023178,'2022-03-18',1,0),(316,36,5,6331997014819,'2022-06-22',1,0),(317,156,5,9007144409202,'2022-10-13',1,0),(318,69,5,4268627099896,'2022-01-25',1,0),(319,157,5,4440304732510,'2022-10-12',1,0),(320,44,5,1297436011637,'2022-02-11',1,0),(321,110,6,1999175221635,'2022-10-15',1,0),(322,67,6,7659489693711,'2022-09-25',1,0),(323,100,6,1489895785488,'2022-07-06',1,0),(324,100,6,3193969717953,'2022-07-12',1,0),(325,81,6,6511646113812,'2022-03-19',1,0),(326,57,6,4929859987550,'2022-07-20',1,0),(327,27,6,7567169927335,'2022-01-23',1,0),(328,100,6,3261285399325,'2022-09-21',1,0),(329,120,6,1347941499483,'2022-01-14',1,0),(330,70,6,1306445796635,'2022-04-10',1,0),(331,41,6,5566444965150,'2022-01-06',1,0),(332,14,6,7659489693711,'2022-10-25',1,0),(333,65,6,7281413357185,'2022-10-10',1,0),(334,31,6,3618456023178,'2022-12-20',1,0),(335,49,6,7659489693711,'2022-02-24',1,0),(336,74,6,8254238620165,'2022-12-26',1,0),(337,22,6,9739130749705,'2022-08-18',1,0),(338,22,6,8626958072945,'2022-07-18',1,0),(339,49,6,3127865758618,'2022-01-23',1,0),(340,65,6,5183409819690,'2022-03-22',1,0),(341,27,6,3618456023178,'2022-01-13',1,0),(342,49,6,9033221237235,'2022-08-24',1,0),(343,46,6,9406856102132,'2022-09-07',1,0),(344,110,6,9858765974982,'2022-10-03',1,0),(345,49,6,2364347149874,'2022-04-18',1,0),(346,120,6,3578107963372,'2022-11-16',1,0),(347,74,6,1212148607497,'2022-01-04',1,0),(348,110,6,9490109880272,'2022-04-01',1,0),(349,31,6,6350033594347,'2022-12-17',1,0),(350,49,6,2167684398452,'2022-01-19',1,0),(351,134,6,2372413716794,'2022-07-06',1,0),(352,81,6,9007144409202,'2022-06-25',1,0),(353,22,6,6219856404541,'2022-06-09',1,0),(354,70,6,4089950673159,'2022-05-14',1,0),(355,88,6,5880267763753,'2022-09-22',1,0),(356,120,6,9033221237235,'2022-10-25',1,0),(357,32,6,7711413737235,'2022-11-18',1,0),(358,134,6,9993567451113,'2022-03-01',1,0),(359,134,6,9739130749705,'2022-10-13',1,0),(360,64,6,4152806489920,'2022-08-06',1,0),(361,62,6,9033221237235,'2022-09-20',1,0),(362,42,6,6848325114167,'2022-03-27',1,0),(363,41,6,4832966441647,'2022-08-17',1,0),(364,110,6,9567718119779,'2022-09-17',1,0),(365,70,6,6762375278243,'2022-10-05',1,0),(366,75,6,2131928463530,'2022-12-04',1,0),(367,70,6,7792489045395,'2022-06-19',1,0),(368,74,6,1999173972484,'2022-12-24',1,0),(369,67,6,8697261847388,'2022-04-20',1,0),(370,70,6,4454807324148,'2022-05-05',1,0),(371,64,6,1116606958982,'2022-01-17',1,0),(372,100,6,9406856102132,'2022-06-11',1,0),(373,25,6,4268627099896,'2022-01-01',1,0),(374,110,6,6688751513177,'2022-02-17',1,0),(375,31,6,2833210167593,'2022-10-02',1,0),(376,134,6,5494724089011,'2022-06-28',1,0),(377,27,6,8626958072945,'2022-03-23',1,0),(378,62,6,7792489045395,'2022-04-10',1,0),(379,41,6,9765654361715,'2022-07-24',1,0),(380,57,6,5517373755374,'2022-08-17',1,0),(381,27,6,9219034632769,'2022-04-22',1,0),(382,100,6,7990244879027,'2022-12-20',1,0),(383,53,6,2167684398452,'2022-02-15',1,0),(384,154,6,9109804213797,'2022-06-22',1,0),(385,66,6,1489895785488,'2022-01-08',1,0),(386,110,6,1116606958982,'2022-07-22',1,0),(387,53,6,7659489693711,'2022-02-04',1,0),(388,110,6,9737863198576,'2022-02-20',1,0),(389,41,6,1116606958982,'2022-02-27',1,0),(390,46,6,2372413716794,'2022-01-27',1,0),(391,25,6,2833210167593,'2022-05-22',1,0),(392,41,6,8521608397202,'2022-08-09',1,0),(393,62,6,8254238620165,'2022-04-11',1,0),(394,134,6,3261285399325,'2022-12-25',1,0),(395,57,6,2372413716794,'2022-08-04',1,0),(396,31,6,2131928463530,'2022-05-01',1,0),(397,88,6,9109804213797,'2022-12-16',1,0),(398,142,6,7990244879027,'2022-10-28',1,0),(399,57,6,5494724089011,'2022-01-21',1,0),(400,42,6,4391229539277,'2022-09-07',1,0),(401,13,7,4440304732510,'2022-03-25',1,0),(402,131,7,3174778329473,'2022-08-24',1,0),(403,82,7,4440304732510,'2022-08-16',1,0),(404,164,7,3636299678055,'2022-11-05',1,0),(405,47,7,9739130749705,'2022-05-17',1,0),(406,82,7,9739130749705,'2022-08-17',1,0),(407,45,7,8697261847388,'2022-04-13',1,0),(408,94,7,9033221237235,'2022-05-03',1,0),(409,148,7,1074560664703,'2022-12-13',1,0),(410,17,7,5880267763753,'2022-03-12',1,0),(411,82,7,9812685120769,'2022-03-20',1,0),(412,102,7,3174778329473,'2022-12-12',1,0),(413,128,7,9490109880272,'2022-11-18',1,0),(414,131,7,5494724089011,'2022-08-18',1,0),(415,11,7,4296522430758,'2022-07-19',1,0),(416,38,7,9574109824068,'2022-07-18',1,0),(417,125,7,9574109824068,'2022-01-28',1,0),(418,160,7,1841363972930,'2022-05-20',1,0),(419,35,7,2114657248842,'2022-06-06',1,0),(420,82,7,2833210167593,'2022-06-15',1,0),(421,148,7,1292103779027,'2022-09-27',1,0),(422,45,7,8498752694348,'2022-01-21',1,0),(423,160,7,9028150382753,'2022-08-24',1,0),(424,40,7,6219856404541,'2022-06-19',1,0),(425,11,7,6219856404541,'2022-04-20',1,0),(426,125,7,2396929730247,'2022-10-20',1,0),(427,15,7,9490109880272,'2022-06-05',1,0),(428,34,7,3656018719947,'2022-07-14',1,0),(429,82,7,7438096765267,'2022-10-05',1,0),(430,15,7,2984578966862,'2022-06-24',1,0),(431,40,7,4785138356950,'2022-10-23',1,0),(432,45,7,9812685120769,'2022-01-24',1,0),(433,13,7,6653159087817,'2022-09-03',1,0),(434,72,7,9547811883165,'2022-08-01',1,0),(435,148,7,2167684398452,'2022-04-25',1,0),(436,35,7,1292103779027,'2022-03-26',1,0),(437,128,7,4869870691198,'2022-10-05',1,0),(438,17,7,1486540055135,'2022-09-14',1,0),(439,47,7,1798300176342,'2022-01-12',1,0),(440,131,7,3207473542944,'2022-11-10',1,0),(441,148,7,9812685120769,'2022-03-19',1,0),(442,61,7,6456794880303,'2022-09-02',1,0),(443,131,7,3636299678055,'2022-03-01',1,0),(444,40,7,1126812354700,'2022-11-28',1,0),(445,151,7,2114657248842,'2022-01-27',1,0),(446,34,7,5880267763753,'2022-01-17',1,0),(447,143,7,4869870691198,'2022-01-13',1,0),(448,47,7,9028150382753,'2022-08-12',1,0),(449,11,7,1453031648935,'2022-03-02',1,0),(450,82,7,7158670919866,'2022-10-03',1,0),(451,45,7,6682660543221,'2022-12-11',1,0),(452,13,7,9207742114175,'2022-03-11',1,0),(453,151,7,7567169927335,'2022-02-02',1,0),(454,11,7,9224583734754,'2022-06-02',1,0),(455,47,7,1453031648935,'2022-12-18',1,0),(456,131,7,9224583734754,'2022-06-12',1,0),(457,11,7,7605024846753,'2022-03-23',1,0),(458,125,7,7367371304098,'2022-04-18',1,0),(459,148,7,6145925892422,'2022-09-15',1,0),(460,164,7,2984578966862,'2022-08-05',1,0),(461,11,7,8498752694348,'2022-01-21',1,0),(462,34,7,7755898641996,'2022-06-23',1,0),(463,108,7,4440304732510,'2022-03-26',1,0),(464,45,7,4869870691198,'2022-11-02',1,0),(465,47,7,4140951777695,'2022-06-17',1,0),(466,61,7,8498752694348,'2022-06-15',1,0),(467,94,7,3656018719947,'2022-08-18',1,0),(468,102,7,9574109824068,'2022-12-16',1,0),(469,99,7,4268627099896,'2022-12-06',1,0),(470,104,7,8697261847388,'2022-04-26',1,0),(471,102,7,1798300176342,'2022-03-26',1,0),(472,94,7,1486540055135,'2022-07-10',1,0),(473,40,7,4785138356950,'2022-07-18',1,0),(474,72,7,8336473825612,'2022-05-02',1,0),(475,17,7,7755898641996,'2022-01-27',1,0),(476,104,7,2903278609230,'2022-11-21',1,0),(477,160,7,1074560664703,'2022-03-08',1,0),(478,104,7,6153360567012,'2022-09-22',1,0),(479,83,7,4606566578861,'2022-10-05',1,0),(480,128,7,5880267763753,'2022-10-26',1,0),(481,165,2,1889530462928,'2023-04-13',1,0),(482,68,2,9219034632769,'2023-04-07',1,0),(483,165,2,8521608397202,'2023-02-16',1,0),(484,91,2,6350033594347,'2023-04-22',1,0),(485,68,2,9324118711655,'2023-03-23',1,0),(487,101,2,8982090089752,'2023-04-10',1,0),(488,150,2,4693874922830,'2023-03-02',1,0),(489,24,2,6153360567012,'2023-02-06',1,0),(490,68,2,9862578231662,'2023-04-25',1,0),(491,51,2,6511646113812,'2023-04-15',1,0),(492,150,2,2268167135439,'2023-02-16',1,0),(493,24,2,3013463266893,'2023-03-10',1,0),(494,115,2,3756980224276,'2023-03-07',1,0),(495,68,2,6653159087817,'2023-02-19',1,0),(496,101,2,7990244879027,'2023-02-04',1,0),(497,115,2,3348697188116,'2023-03-15',1,0),(498,24,2,9765654361715,'2023-02-09',1,0),(499,24,2,6219856404541,'2023-04-23',1,0),(500,165,2,2372413716794,'2023-01-23',1,0),(501,89,2,1798300176342,'2023-01-09',1,0),(502,150,2,9094793362769,'2023-01-08',1,0),(503,59,2,3174778329473,'2023-03-15',1,0),(504,150,2,3770947998401,'2023-04-19',1,0),(505,91,2,7367371304098,'2023-04-08',1,0),(506,29,2,6931627909053,'2023-01-20',1,0),(508,153,2,2372413716794,'2023-01-07',1,0),(509,118,2,6219856404541,'2023-04-22',1,0),(510,89,2,2145897665884,'2023-02-12',1,0),(511,59,2,9324118711655,'2023-02-26',1,0),(512,165,2,9547811883165,'2023-02-05',1,0),(513,135,2,5880267763753,'2023-03-19',1,0),(514,91,2,2012096842470,'2023-02-06',1,0),(515,135,2,9574109824068,'2023-01-03',1,0),(516,24,2,9574109824068,'2023-01-02',1,0),(517,153,2,3174778329473,'2023-04-14',1,0),(518,24,2,9993567451113,'2023-01-12',1,0),(519,59,2,1889530462928,'2023-04-19',1,0),(520,150,2,9547811883165,'2023-02-08',1,0),(521,113,3,6145925892422,'2023-01-08',1,0),(522,155,3,1347941499483,'2023-02-20',1,0),(523,73,3,1453031648935,'2023-03-07',1,0),(524,103,3,6219856404541,'2023-01-24',1,0),(525,103,3,4770340963387,'2023-04-09',1,0),(526,96,3,7158670919866,'2023-02-11',1,0),(527,84,3,3193969717953,'2023-01-14',1,0),(528,127,3,4440304732510,'2023-03-01',1,0),(529,76,3,9033221237235,'2023-02-10',1,0),(530,105,3,5566444965150,'2023-01-21',1,0),(531,138,3,2364347149874,'2023-04-15',1,0),(532,127,3,1347941499483,'2023-01-05',1,0),(533,103,3,2145897665884,'2023-03-22',1,0),(534,73,3,2167684398452,'2023-03-10',1,0),(535,93,3,6653159087817,'2023-02-18',1,0),(536,93,3,3243125056920,'2023-01-05',1,0),(537,105,3,9324118711655,'2023-03-18',1,0),(538,96,3,4751001788808,'2023-01-08',1,0),(539,138,3,3656018719947,'2023-02-23',1,0),(540,78,3,4869870691198,'2023-01-01',1,0),(541,129,3,2145897665884,'2023-04-24',1,0),(542,93,3,2833210167593,'2023-02-01',1,0),(543,103,3,9109804213797,'2023-02-23',1,0),(544,155,3,6871703830013,'2023-01-12',1,0),(545,84,3,9324118711655,'2023-01-21',1,0),(546,122,3,9094793362769,'2023-04-24',1,0),(547,145,3,1884752033664,'2023-02-18',1,0),(548,114,3,7214248851312,'2023-03-24',1,0),(549,155,3,6331997014819,'2023-04-20',1,0),(550,162,3,4751001788808,'2023-01-09',1,0),(551,112,3,5015118156484,'2023-01-14',1,0),(552,71,3,8132742901390,'2023-02-07',1,0),(553,114,3,2372413716794,'2023-04-22',1,0),(554,105,3,7567169927335,'2023-02-04',1,0),(555,103,3,5508185951725,'2023-01-27',1,0),(556,96,3,9224583734754,'2023-01-01',1,0),(557,162,3,7214248851312,'2023-04-13',1,0),(558,93,3,1999175221635,'2023-03-08',1,0),(559,161,4,7792489045395,'2023-01-01',1,0),(560,123,4,7205097535074,'2023-01-23',1,0),(561,159,4,1884752033664,'2023-04-06',1,0),(562,98,4,7281413357185,'2023-02-24',1,0),(563,23,4,9219034632769,'2023-04-07',1,0),(564,33,4,9993567451113,'2023-01-13',1,0),(565,116,4,7990244879027,'2023-01-19',1,0),(566,55,4,3656018719947,'2023-04-21',1,0),(567,132,4,3107335369872,'2023-01-21',1,0),(568,26,4,6682660543221,'2023-03-14',1,0),(569,30,4,3636299678055,'2023-04-15',1,0),(570,23,4,1568254810189,'2023-04-04',1,0),(571,63,4,4140951777695,'2023-04-02',1,0),(572,123,4,7016908686537,'2023-04-26',1,0),(573,9,4,6145925892422,'2023-03-27',1,0),(574,98,4,6931627909053,'2023-01-11',1,0),(575,133,4,6762375278243,'2023-02-07',1,0),(576,147,4,3174778329473,'2023-02-19',1,0),(577,86,4,8766336552641,'2023-03-23',1,0),(578,98,4,7438096765267,'2023-01-18',1,0),(579,139,4,8132742901390,'2023-01-02',1,0),(580,33,4,1889530462928,'2023-01-26',1,0),(581,30,4,2833210167593,'2023-02-21',1,0),(582,137,4,4268627099896,'2023-02-26',1,0),(583,159,4,2364347149874,'2023-04-22',1,0),(584,87,4,8766336552641,'2023-02-13',1,0),(585,9,4,9207742114175,'2023-02-17',1,0),(586,23,4,3618456023178,'2023-01-09',1,0),(587,87,4,8132742901390,'2023-02-28',1,0),(588,87,4,8910950787911,'2023-02-05',1,0),(589,161,4,9862578231662,'2023-02-24',1,0),(590,60,4,2364347149874,'2023-01-03',1,0),(591,63,4,4751001788808,'2023-04-15',1,0),(592,116,4,1334143094508,'2023-01-14',1,0),(593,63,4,9882758923892,'2023-02-28',1,0),(594,161,4,6145925892422,'2023-04-25',1,0),(595,144,4,1430937623633,'2023-02-05',1,0),(596,58,4,4296522430758,'2023-02-03',1,0),(597,69,5,1889530462928,'2023-04-23',1,0),(598,106,5,3618456023178,'2023-04-22',1,0),(599,21,5,6682660543221,'2023-03-09',1,0),(600,158,5,2984578966862,'2023-02-13',1,0),(601,119,5,8962836923420,'2023-04-12',1,0),(602,152,5,1884752033664,'2023-04-23',1,0),(603,50,5,4505048373798,'2023-04-08',1,0),(604,109,5,4693874922830,'2023-02-04',1,0),(605,121,5,3770947998401,'2023-01-28',1,0),(606,90,5,3127865758618,'2023-02-04',1,0),(607,119,5,9739130749705,'2023-02-05',1,0),(608,21,5,9739130749705,'2023-04-06',1,0),(609,119,5,3064009453430,'2023-03-13',1,0),(610,52,5,7434507091721,'2023-01-17',1,0),(611,106,5,1334143094508,'2023-04-09',1,0),(612,36,5,3127865758618,'2023-04-04',1,0),(613,149,5,7561444116695,'2023-01-06',1,0),(614,157,5,1841363972930,'2023-03-01',1,0),(615,152,5,2984578966862,'2023-02-13',1,0),(616,156,5,9207742114175,'2023-02-13',1,0),(617,52,5,7434507091721,'2023-01-19',1,0),(618,130,5,6511646113812,'2023-01-28',1,0),(619,43,5,7990244879027,'2023-04-22',1,0),(620,107,5,7561444116695,'2023-03-14',1,0),(621,158,5,6604819383267,'2023-01-10',1,0),(622,50,5,8626958072945,'2023-01-08',1,0),(623,109,5,2114657248842,'2023-01-17',1,0),(624,20,5,9490109880272,'2023-02-28',1,0),(625,90,5,7711413737235,'2023-04-27',1,0),(626,28,5,6350033594347,'2023-02-04',1,0),(627,90,5,1841363972930,'2023-02-10',1,0),(628,130,5,1334143094508,'2023-04-13',1,0),(629,121,5,3243125056920,'2023-01-25',1,0),(630,152,5,3802096622413,'2023-04-27',1,0),(631,48,5,2594664167353,'2023-04-12',1,0),(632,158,5,6688751513177,'2023-02-26',1,0),(633,106,5,8910950787911,'2023-04-24',1,0),(634,50,5,4454807324148,'2023-01-10',1,0),(635,64,6,9406856102132,'2023-02-18',1,0),(636,42,6,9765654361715,'2023-02-11',1,0),(637,62,6,5456429866755,'2023-02-18',1,0),(638,66,6,4391229539277,'2023-03-07',1,0),(639,31,6,4268627099896,'2023-01-21',1,0),(640,64,6,8264725327153,'2023-04-24',1,0),(641,42,6,6511646113812,'2023-03-26',1,0),(642,25,6,3064009453430,'2023-04-21',1,0),(643,88,6,8264725327153,'2023-01-08',1,0),(644,64,6,1297436011637,'2023-02-18',1,0),(645,88,6,1297436011637,'2023-02-27',1,0),(646,88,6,2131928463530,'2023-03-15',1,0),(647,70,6,7811720330252,'2023-03-13',1,0),(648,81,6,6287708802067,'2023-04-16',1,0),(649,53,6,6848325114167,'2023-03-15',1,0),(650,31,6,4832966441647,'2023-01-03',1,0),(651,25,6,3127865758618,'2023-03-24',1,0),(652,97,6,5880267763753,'2023-04-26',1,0),(653,88,6,9109804213797,'2023-03-19',1,0),(654,97,6,2972451307144,'2023-01-02',1,0),(655,49,6,2167684398452,'2023-02-27',1,0),(656,88,6,8697261847388,'2023-03-19',1,0),(657,97,6,9882758923892,'2023-01-18',1,0),(658,70,6,9882758923892,'2023-03-02',1,0),(659,134,6,1884752033664,'2023-04-14',1,0),(660,88,6,4454807324148,'2023-02-02',1,0),(661,53,6,9033221237235,'2023-03-18',1,0),(662,14,6,6511646113812,'2023-04-26',1,0),(663,110,6,1153005436685,'2023-04-23',1,0),(664,57,6,3207473542944,'2023-01-27',1,0),(665,32,6,1153005436685,'2023-01-04',1,0),(666,49,6,9406856102132,'2023-01-16',1,0),(667,134,6,3578107963372,'2023-03-09',1,0),(668,97,6,8962836923420,'2023-02-21',1,0),(669,57,6,6629370975730,'2023-04-16',1,0),(670,22,6,3261285399325,'2023-01-11',1,0),(671,25,6,2833210167593,'2023-04-24',1,0),(672,110,6,1568254810189,'2023-01-02',1,0),(673,151,7,3692740665327,'2023-02-04',1,0),(674,164,7,1212148607497,'2023-04-06',1,0),(675,35,7,9490109880272,'2023-03-23',1,0),(676,160,7,9207742114175,'2023-03-20',1,0),(677,99,7,8341696933214,'2023-01-16',1,0),(678,104,7,6653159087817,'2023-03-08',1,0),(679,35,7,3692740665327,'2023-01-12',1,0),(680,143,7,2903278609230,'2023-04-24',1,0),(681,45,7,6682660543221,'2023-02-21',1,0),(682,148,7,1153005436685,'2023-04-02',1,0),(683,35,7,6682660543221,'2023-03-17',1,0),(684,38,7,3127865758618,'2023-04-20',1,0),(685,146,7,6653159087817,'2023-02-28',1,0),(686,164,7,6287708802067,'2023-03-28',1,0),(687,160,7,6629370975730,'2023-03-02',1,0),(688,92,7,9882758923892,'2023-03-15',1,0),(689,35,7,9207742114175,'2023-02-27',1,0),(690,102,7,7755898641996,'2023-01-08',1,0),(691,38,7,9858765974982,'2023-04-11',1,0),(692,151,7,9224583734754,'2023-04-09',1,0),(693,148,7,5880267763753,'2023-03-09',1,0),(694,151,7,9207742114175,'2023-04-13',1,0),(695,131,7,1884752033664,'2023-03-16',1,0),(696,40,7,5880267763753,'2023-01-07',1,0),(697,125,7,9882758923892,'2023-02-01',1,0),(698,148,7,1999173972484,'2023-04-26',1,0),(699,40,7,8341696933214,'2023-03-18',1,0),(700,35,7,1297436011637,'2023-03-05',1,0),(701,83,7,2972451307144,'2023-04-20',1,0),(702,38,7,6027037313846,'2023-04-25',1,0),(703,148,7,4440304732510,'2023-04-14',1,0),(704,35,7,9491414035477,'2023-02-17',1,0),(705,104,7,9028150382753,'2023-04-23',1,0),(706,47,7,6153360567012,'2023-01-03',1,0),(707,99,7,1297436011637,'2023-04-17',1,0),(708,13,7,7990244879027,'2023-03-27',1,0),(709,38,7,6629370975730,'2023-03-09',1,0),(710,131,7,7281413357185,'2023-02-08',1,0),(711,24,2,2145897665884,'2023-05-01',0,1),(712,153,2,4832966441647,'2023-05-09',0,1),(713,51,2,5494724089011,'2023-05-22',0,1),(714,150,2,5880267763753,'2023-05-21',0,1),(715,68,2,7755898641996,'2023-05-31',0,0),(716,89,2,8521608397202,'2023-06-03',0,0),(717,150,2,4946671575029,'2023-05-30',0,0),(718,150,2,4929859987550,'2023-05-13',0,1),(719,165,2,9858765974982,'2023-05-31',0,0),(720,118,2,9993567451113,'2023-05-18',0,1),(721,113,3,1334143094508,'2023-05-08',0,1),(722,162,3,7792489045395,'2023-05-02',0,1),(723,37,3,1212148607497,'2023-05-10',0,1),(724,93,3,2145897665884,'2023-05-21',0,1),(725,78,3,9567718119779,'2023-05-11',0,1),(726,145,3,6871703830013,'2023-05-01',0,1),(727,162,3,9811917595601,'2023-05-27',0,1),(728,114,3,8418630659564,'2023-05-02',0,1),(729,113,3,9094793362769,'2023-05-24',0,1),(730,145,3,2349417521177,'2023-05-16',0,1),(731,123,4,7755898641996,'2023-05-13',0,1),(732,123,4,5517373755374,'2023-05-31',0,0),(733,140,4,2289945496584,'2023-05-30',0,0),(734,144,4,6762375278243,'2023-05-07',0,1),(735,9,4,8962836923420,'2023-05-09',0,1),(736,140,4,9028150382753,'2023-05-01',0,1),(737,87,4,3348697188116,'2023-05-21',0,1),(738,9,4,9207742114175,'2023-05-31',0,0),(739,30,4,4858225663620,'2023-05-09',0,1),(740,123,4,1347941499483,'2023-05-17',0,1),(741,21,5,1841363972930,'2023-05-14',0,1),(742,50,5,7561444116695,'2023-05-13',0,1),(743,36,5,3802096622413,'2023-05-30',0,0),(744,130,5,3064009453430,'2023-05-03',0,1),(745,36,5,3802096622413,'2023-05-22',0,1),(746,166,5,1116606958982,'2023-05-24',0,1),(747,117,5,3578107963372,'2023-05-18',0,1),(748,28,5,2289945496584,'2023-05-07',0,1),(749,136,5,1999175221635,'2023-05-24',0,1),(750,43,5,9765654361715,'2023-05-07',0,1),(751,42,6,3220123116607,'2023-05-19',0,1),(752,53,6,6219856404541,'2023-05-07',0,1),(753,110,6,5517373755374,'2023-05-12',0,1),(754,75,6,8548363419878,'2023-05-09',0,1),(755,53,6,8910950787911,'2023-05-19',0,1),(756,88,6,6350033594347,'2023-05-05',0,1),(757,22,6,3578107963372,'2023-05-17',0,1),(758,97,6,3220123116607,'2023-05-25',0,1),(759,154,6,9354178882597,'2023-05-16',0,1),(760,56,6,1126812354700,'2023-05-24',0,1),(761,15,7,9028150382753,'2023-05-20',0,1),(762,102,7,2972451307144,'2023-05-24',0,1),(763,15,7,7214248851312,'2023-05-27',0,1),(764,83,7,5880267763753,'2023-05-08',0,1),(765,72,7,8341696933214,'2023-05-07',0,1),(766,94,7,3220123116607,'2023-05-19',0,1),(767,94,7,4785138356950,'2023-05-10',0,1),(768,126,7,4869870691198,'2023-05-22',0,1),(769,143,7,4606566578861,'2023-05-02',0,1),(770,108,7,6653159087817,'2023-05-16',0,1);
/*!40000 ALTER TABLE `borrow` ENABLE KEYS */;
UNLOCK TABLES;
/*!50003 SET @saved_cs_client      = @@character_set_client */ ;
/*!50003 SET @saved_cs_results     = @@character_set_results */ ;
/*!50003 SET @saved_col_connection = @@collation_connection */ ;
/*!50003 SET character_set_client  = utf8mb4 */ ;
/*!50003 SET character_set_results = utf8mb4 */ ;
/*!50003 SET collation_connection  = utf8mb4_0900_ai_ci */ ;
/*!50003 SET @saved_sql_mode       = @@sql_mode */ ;
/*!50003 SET sql_mode              = 'ONLY_FULL_GROUP_BY,STRICT_TRANS_TABLES,NO_ZERO_IN_DATE,NO_ZERO_DATE,ERROR_FOR_DIVISION_BY_ZERO,NO_ENGINE_SUBSTITUTION' */ ;
DELIMITER ;;
/*!50003 CREATE*/ /*!50017 DEFINER=`library_user`@`localhost`*/ /*!50003 TRIGGER `update_cur_borrow_num` AFTER INSERT ON `borrow` FOR EACH ROW BEGIN
    IF NEW.returned != TRUE THEN
        UPDATE simple_user
        SET cur_borrow_num = cur_borrow_num + 1
        WHERE user_id = NEW.user_id;
    END IF;
END */;;
DELIMITER ;
/*!50003 SET sql_mode              = @saved_sql_mode */ ;
/*!50003 SET character_set_client  = @saved_cs_client */ ;
/*!50003 SET character_set_results = @saved_cs_results */ ;
/*!50003 SET collation_connection  = @saved_col_connection */ ;
/*!50003 SET @saved_cs_client      = @@character_set_client */ ;
/*!50003 SET @saved_cs_results     = @@character_set_results */ ;
/*!50003 SET @saved_col_connection = @@collation_connection */ ;
/*!50003 SET character_set_client  = utf8mb4 */ ;
/*!50003 SET character_set_results = utf8mb4 */ ;
/*!50003 SET collation_connection  = utf8mb4_0900_ai_ci */ ;
/*!50003 SET @saved_sql_mode       = @@sql_mode */ ;
/*!50003 SET sql_mode              = 'ONLY_FULL_GROUP_BY,STRICT_TRANS_TABLES,NO_ZERO_IN_DATE,NO_ZERO_DATE,ERROR_FOR_DIVISION_BY_ZERO,NO_ENGINE_SUBSTITUTION' */ ;
DELIMITER ;;
/*!50003 CREATE*/ /*!50017 DEFINER=`library_user`@`localhost`*/ /*!50003 TRIGGER `decrease_copies_on_borrow` AFTER INSERT ON `borrow` FOR EACH ROW BEGIN
    IF NEW.returned = FALSE THEN
    UPDATE library_book
    SET copies = copies - 1
    WHERE isbn = NEW.isbn AND school_id = (SELECT school_id FROM simple_user WHERE user_id = NEW.user_id);
    END IF;
END */;;
DELIMITER ;
/*!50003 SET sql_mode              = @saved_sql_mode */ ;
/*!50003 SET character_set_client  = @saved_cs_client */ ;
/*!50003 SET character_set_results = @saved_cs_results */ ;
/*!50003 SET collation_connection  = @saved_col_connection */ ;
/*!50003 SET @saved_cs_client      = @@character_set_client */ ;
/*!50003 SET @saved_cs_results     = @@character_set_results */ ;
/*!50003 SET @saved_col_connection = @@collation_connection */ ;
/*!50003 SET character_set_client  = utf8mb4 */ ;
/*!50003 SET character_set_results = utf8mb4 */ ;
/*!50003 SET collation_connection  = utf8mb4_0900_ai_ci */ ;
/*!50003 SET @saved_sql_mode       = @@sql_mode */ ;
/*!50003 SET sql_mode              = 'ONLY_FULL_GROUP_BY,STRICT_TRANS_TABLES,NO_ZERO_IN_DATE,NO_ZERO_DATE,ERROR_FOR_DIVISION_BY_ZERO,NO_ENGINE_SUBSTITUTION' */ ;
DELIMITER ;;
/*!50003 CREATE*/ /*!50017 DEFINER=`library_user`@`localhost`*/ /*!50003 TRIGGER `update_cur_borrow_num_return` AFTER UPDATE ON `borrow` FOR EACH ROW BEGIN
    IF NEW.returned = TRUE AND OLD.returned = FALSE THEN
        UPDATE simple_user
        SET cur_borrow_num = cur_borrow_num - 1
        WHERE user_id = NEW.user_id;
    END IF;
END */;;
DELIMITER ;
/*!50003 SET sql_mode              = @saved_sql_mode */ ;
/*!50003 SET character_set_client  = @saved_cs_client */ ;
/*!50003 SET character_set_results = @saved_cs_results */ ;
/*!50003 SET collation_connection  = @saved_col_connection */ ;
/*!50003 SET @saved_cs_client      = @@character_set_client */ ;
/*!50003 SET @saved_cs_results     = @@character_set_results */ ;
/*!50003 SET @saved_col_connection = @@collation_connection */ ;
/*!50003 SET character_set_client  = utf8mb4 */ ;
/*!50003 SET character_set_results = utf8mb4 */ ;
/*!50003 SET collation_connection  = utf8mb4_0900_ai_ci */ ;
/*!50003 SET @saved_sql_mode       = @@sql_mode */ ;
/*!50003 SET sql_mode              = 'ONLY_FULL_GROUP_BY,STRICT_TRANS_TABLES,NO_ZERO_IN_DATE,NO_ZERO_DATE,ERROR_FOR_DIVISION_BY_ZERO,NO_ENGINE_SUBSTITUTION' */ ;
DELIMITER ;;
/*!50003 CREATE*/ /*!50017 DEFINER=`library_user`@`localhost`*/ /*!50003 TRIGGER `increase_copies_on_return` AFTER UPDATE ON `borrow` FOR EACH ROW BEGIN
    IF OLD.returned = FALSE AND NEW.returned = TRUE THEN
        UPDATE library_book
        SET copies = copies + 1
        WHERE isbn = OLD.isbn AND school_id = (SELECT school_id FROM simple_user WHERE user_id = OLD.user_id);
    END IF;
END */;;
DELIMITER ;
/*!50003 SET sql_mode              = @saved_sql_mode */ ;
/*!50003 SET character_set_client  = @saved_cs_client */ ;
/*!50003 SET character_set_results = @saved_cs_results */ ;
/*!50003 SET collation_connection  = @saved_col_connection */ ;
/*!50003 SET @saved_cs_client      = @@character_set_client */ ;
/*!50003 SET @saved_cs_results     = @@character_set_results */ ;
/*!50003 SET @saved_col_connection = @@collation_connection */ ;
/*!50003 SET character_set_client  = utf8mb4 */ ;
/*!50003 SET character_set_results = utf8mb4 */ ;
/*!50003 SET collation_connection  = utf8mb4_0900_ai_ci */ ;
/*!50003 SET @saved_sql_mode       = @@sql_mode */ ;
/*!50003 SET sql_mode              = 'ONLY_FULL_GROUP_BY,STRICT_TRANS_TABLES,NO_ZERO_IN_DATE,NO_ZERO_DATE,ERROR_FOR_DIVISION_BY_ZERO,NO_ENGINE_SUBSTITUTION' */ ;
DELIMITER ;;
/*!50003 CREATE*/ /*!50017 DEFINER=`library_user`@`localhost`*/ /*!50003 TRIGGER `cancel_reservation_trigger` AFTER UPDATE ON `borrow` FOR EACH ROW BEGIN
    IF NEW.late = TRUE THEN
        UPDATE reservation
        SET cancelled = TRUE
        WHERE  user_id = NEW.user_id;
    END IF;
END */;;
DELIMITER ;
/*!50003 SET sql_mode              = @saved_sql_mode */ ;
/*!50003 SET character_set_client  = @saved_cs_client */ ;
/*!50003 SET character_set_results = @saved_cs_results */ ;
/*!50003 SET collation_connection  = @saved_col_connection */ ;

--
-- Table structure for table `category`
--

DROP TABLE IF EXISTS `category`;
/*!40101 SET @saved_cs_client     = @@character_set_client */;
/*!50503 SET character_set_client = utf8mb4 */;
CREATE TABLE `category` (
  `category_name` varchar(40) NOT NULL,
  PRIMARY KEY (`category_name`)
) ENGINE=InnoDB DEFAULT CHARSET=utf8mb4 COLLATE=utf8mb4_0900_ai_ci;
/*!40101 SET character_set_client = @saved_cs_client */;

--
-- Dumping data for table `category`
--

LOCK TABLES `category` WRITE;
/*!40000 ALTER TABLE `category` DISABLE KEYS */;
INSERT INTO `category` VALUES ('Αυτοβελτίωση'),('Βιογραφίες'),('Διαχείριση χρόνου'),('Δράμα'),('Επιστήμη'),('Επιστημονική Φαντασία'),('Ιστορία'),('Λογοτεχνία'),('Μαγειρική'),('Μυθιστόρημα'),('Οικονομία'),('Παιδικά'),('Περιβάλλον'),('Περιπέτεια'),('Πνευματική Ανάπτυξη'),('Ποίηση'),('Ταξίδια'),('Τέχνες'),('Τρόμου'),('Φωτογραφία');
/*!40000 ALTER TABLE `category` ENABLE KEYS */;
UNLOCK TABLES;

--
-- Table structure for table `library_book`
--

DROP TABLE IF EXISTS `library_book`;
/*!40101 SET @saved_cs_client     = @@character_set_client */;
/*!50503 SET character_set_client = utf8mb4 */;
CREATE TABLE `library_book` (
  `copies` smallint NOT NULL,
  `isbn` bigint unsigned NOT NULL,
  `school_id` smallint unsigned NOT NULL,
  PRIMARY KEY (`school_id`,`isbn`),
  KEY `idx_book_school_id` (`school_id`),
  KEY `idx_book_isbn` (`isbn`),
  CONSTRAINT `library_book_ibfk_1` FOREIGN KEY (`school_id`) REFERENCES `school` (`school_id`) ON DELETE CASCADE ON UPDATE CASCADE,
  CONSTRAINT `library_book_ibfk_2` FOREIGN KEY (`isbn`) REFERENCES `book` (`isbn`) ON DELETE CASCADE ON UPDATE CASCADE
) ENGINE=InnoDB DEFAULT CHARSET=utf8mb4 COLLATE=utf8mb4_0900_ai_ci;
/*!40101 SET character_set_client = @saved_cs_client */;

--
-- Dumping data for table `library_book`
--

LOCK TABLES `library_book` WRITE;
/*!40000 ALTER TABLE `library_book` DISABLE KEYS */;
INSERT INTO `library_book` VALUES (1,1074560664703,1),(3,1116606958982,1),(1,1126812354700,1),(4,1234567890124,1),(3,1334143094508,1),(3,1347941499483,1),(2,1430937623633,1),(3,1453031648935,1),(3,1458823165875,1),(2,1488515868119,1),(2,1489895785488,1),(2,1798300176342,1),(2,1889530462928,1),(3,2012096842470,1),(1,2114657248842,1),(3,2131928463530,1),(2,2145897665884,1),(2,2268167135439,1),(1,2349417521177,1),(3,2372413716794,1),(1,2400288317436,1),(3,2433916935501,1),(3,2903278609230,1),(1,3013463266893,1),(3,3064009453430,1),(2,3107335369872,1),(2,3127865758618,1),(3,3174778329473,1),(3,3182701383200,1),(2,3220123116607,1),(2,3348697188116,1),(2,3636299678055,1),(3,3656018719947,1),(3,3692740665327,1),(2,3756980224276,1),(3,3770947998401,1),(2,3802096622413,1),(2,4115250890401,1),(3,4268627099896,1),(1,4296522430758,1),(1,4440304732510,1),(3,4454807324148,1),(1,4589910366138,1),(2,4606566578861,1),(1,4650969131516,1),(2,4693874922830,1),(2,4832966441647,1),(1,4869870691198,1),(0,4929859987550,1),(1,4946671575029,1),(1,5015118156484,1),(2,5494724089011,1),(3,5566444965150,1),(1,5880267763753,1),(2,6027037313846,1),(3,6153360567012,1),(3,6219856404541,1),(1,6331997014819,1),(1,6350033594347,1),(2,6511646113812,1),(2,6653159087817,1),(3,6688751513177,1),(2,6762375278243,1),(1,6871703830013,1),(3,6931627909053,1),(3,7016908686537,1),(2,7158670919866,1),(3,7367371304098,1),(1,7434507091721,1),(2,7438096765267,1),(1,7659489693711,1),(1,7755898641996,1),(3,7792489045395,1),(1,7811720330252,1),(2,7990244879027,1),(3,8132742901390,1),(2,8298667821950,1),(2,8336473825612,1),(2,8341696933214,1),(3,8498752694348,1),(0,8521608397202,1),(1,8697261847388,1),(2,8900757253020,1),(2,8982090089752,1),(1,9033221237235,1),(1,9094793362769,1),(1,9109804213797,1),(2,9207742114175,1),(3,9219034632769,1),(2,9224583734754,1),(3,9324118711655,1),(2,9490109880272,1),(1,9491414035477,1),(1,9547811883165,1),(3,9567718119779,1),(2,9574109824068,1),(3,9737863198576,1),(1,9765654361715,1),(1,9858765974982,1),(3,9862578231662,1),(0,9993567451113,1),(3,1073629279588,2),(1,1153005436685,2),(1,1212148607497,2),(1,1297436011637,2),(2,1306445796635,2),(0,1334143094508,2),(2,1347941499483,2),(2,1430937623633,2),(2,1453031648935,2),(3,1458823165875,2),(1,1884752033664,2),(2,1999175221635,2),(1,2131928463530,2),(0,2145897665884,2),(1,2167684398452,2),(0,2349417521177,2),(3,2364347149874,2),(2,2372413716794,2),(2,2433916935501,2),(3,2594664167353,2),(2,2833210167593,2),(3,2972451307144,2),(1,2984578966862,2),(2,3013463266893,2),(1,3064009453430,2),(2,3174778329473,2),(3,3193969717953,2),(1,3243125056920,2),(3,3261285399325,2),(1,3297437336773,2),(1,3578107963372,2),(2,3656018719947,2),(3,3770947998401,2),(3,3925719614933,2),(2,4140951777695,2),(1,4152806489920,2),(3,4440304732510,2),(1,4454807324148,2),(3,4606566578861,2),(3,4650969131516,2),(1,4751001788808,2),(1,4770340963387,2),(3,4785138356950,2),(2,4858225663620,2),(2,4869870691198,2),(2,5015118156484,2),(3,5494724089011,2),(2,5508185951725,2),(2,5566444965150,2),(3,6027037313846,2),(2,6145925892422,2),(3,6153360567012,2),(1,6219856404541,2),(3,6287708802067,2),(3,6331997014819,2),(2,6456794880303,2),(2,6604819383267,2),(2,6629370975730,2),(2,6653159087817,2),(2,6682660543221,2),(2,6688751513177,2),(1,6848325114167,2),(2,6871703830013,2),(1,7016908686537,2),(1,7158670919866,2),(1,7214248851312,2),(1,7281413357185,2),(1,7561444116695,2),(3,7567169927335,2),(3,7659489693711,2),(3,7755898641996,2),(0,7792489045395,2),(1,7990244879027,2),(2,8132742901390,2),(2,8264725327153,2),(3,8298667821950,2),(2,8418630659564,2),(3,8498752694348,2),(3,8548363419878,2),(2,8626958072945,2),(1,8766336552641,2),(3,8982090089752,2),(1,9028150382753,2),(2,9033221237235,2),(0,9094793362769,2),(3,9109804213797,2),(2,9207742114175,2),(2,9224583734754,2),(3,9324118711655,2),(3,9406856102132,2),(2,9491414035477,2),(2,9567718119779,2),(2,9574109824068,2),(1,9577651658527,2),(2,9737863198576,2),(2,9765654361715,2),(2,9811917595601,2),(2,9812685120769,2),(2,9858765974982,2),(3,9993567451113,2),(2,1074560664703,3),(3,1212148607497,3),(2,1292103779027,3),(3,1334143094508,3),(0,1347941499483,3),(2,1430937623633,3),(2,1458823165875,3),(3,1486540055135,3),(1,1568254810189,3),(1,1841363972930,3),(1,1884752033664,3),(2,1889530462928,3),(2,1999175221635,3),(2,2114657248842,3),(0,2289945496584,3),(3,2364347149874,3),(2,2433916935501,3),(2,2594664167353,3),(3,2833210167593,3),(3,2972451307144,3),(1,3079396977330,3),(1,3107335369872,3),(1,3127865758618,3),(1,3174778329473,3),(1,3193969717953,3),(1,3261285399325,3),(1,3297437336773,3),(1,3348697188116,3),(1,3618456023178,3),(1,3636299678055,3),(2,3656018719947,3),(2,3756980224276,3),(3,3925719614933,3),(2,4140951777695,3),(2,4152806489920,3),(1,4268627099896,3),(1,4296522430758,3),(2,4391229539277,3),(2,4440304732510,3),(2,4505048373798,3),(1,4589910366138,3),(3,4751001788808,3),(3,4770340963387,3),(1,4785138356950,3),(1,4832966441647,3),(1,4858225663620,3),(3,4946671575029,3),(3,5015118156484,3),(1,5183409819690,3),(2,5456429866755,3),(2,5517373755374,3),(1,5566444965150,3),(3,6145925892422,3),(1,6153360567012,3),(1,6219856404541,3),(2,6452966853203,3),(1,6632716926317,3),(2,6653159087817,3),(2,6682660543221,3),(2,6762375278243,3),(3,6848325114167,3),(3,6931627909053,3),(3,7016908686537,3),(3,7158670919866,3),(2,7205097535074,3),(1,7214248851312,3),(2,7281413357185,3),(2,7438096765267,3),(1,7450357055002,3),(1,7605024846753,3),(2,7659489693711,3),(1,7755898641996,3),(1,7792489045395,3),(1,7990244879027,3),(2,8132742901390,3),(1,8264725327153,3),(2,8341696933214,3),(3,8418630659564,3),(3,8548363419878,3),(2,8626958072945,3),(1,8766336552641,3),(1,8910950787911,3),(1,8962836923420,3),(2,9028150382753,3),(2,9033221237235,3),(2,9094793362769,3),(2,9109804213797,3),(0,9207742114175,3),(1,9219034632769,3),(2,9324118711655,3),(1,9354178882597,3),(2,9567718119779,3),(1,9574109824068,3),(3,9577651658527,3),(2,9737863198576,3),(2,9739130749705,3),(2,9812685120769,3),(3,9862578231662,3),(1,9882758923892,3),(1,9993567451113,3),(3,1074560664703,4),(2,1116606958982,4),(2,1126812354700,4),(2,1212148607497,4),(2,1297436011637,4),(2,1306445796635,4),(1,1334143094508,4),(3,1347941499483,4),(3,1458823165875,4),(1,1798300176342,4),(1,1841363972930,4),(2,1884752033664,4),(2,1889530462928,4),(1,1999175221635,4),(2,2114657248842,4),(1,2167684398452,4),(1,2268167135439,4),(1,2289945496584,4),(1,2372413716794,4),(2,2400288317436,4),(1,2594664167353,4),(1,2833210167593,4),(1,2903278609230,4),(1,2972451307144,4),(2,2984578966862,4),(3,3013463266893,4),(0,3064009453430,4),(2,3107335369872,4),(2,3127865758618,4),(1,3174778329473,4),(1,3182701383200,4),(2,3207473542944,4),(3,3243125056920,4),(3,3261285399325,4),(2,3578107963372,4),(1,3618456023178,4),(1,3656018719947,4),(2,3770947998401,4),(0,3802096622413,4),(2,3925719614933,4),(2,4152806489920,4),(2,4173279492495,4),(3,4268627099896,4),(2,4391229539277,4),(1,4440304732510,4),(2,4454807324148,4),(2,4505048373798,4),(2,4589910366138,4),(2,4650969131516,4),(1,4693874922830,4),(3,4785138356950,4),(1,4869870691198,4),(3,4946671575029,4),(3,5456429866755,4),(2,5494724089011,4),(3,5517373755374,4),(1,5880267763753,4),(2,6145925892422,4),(3,6219856404541,4),(2,6287708802067,4),(3,6331997014819,4),(3,6350033594347,4),(3,6452966853203,4),(1,6511646113812,4),(3,6604819383267,4),(3,6632716926317,4),(2,6682660543221,4),(1,6688751513177,4),(3,6723873435411,4),(2,6762375278243,4),(2,7016908686537,4),(1,7434507091721,4),(2,7438096765267,4),(2,7450357055002,4),(2,7561444116695,4),(2,7711413737235,4),(1,7755898641996,4),(2,7811720330252,4),(3,7990244879027,4),(3,8132742901390,4),(1,8298667821950,4),(1,8498752694348,4),(3,8626958072945,4),(2,8766336552641,4),(2,8910950787911,4),(3,8962836923420,4),(2,8982090089752,4),(3,9007144409202,4),(3,9109804213797,4),(1,9207742114175,4),(1,9219034632769,4),(1,9354178882597,4),(2,9490109880272,4),(2,9547811883165,4),(2,9567718119779,4),(3,9739130749705,4),(1,9765654361715,4),(2,9811917595601,4),(3,9812685120769,4),(2,9882758923892,4),(1,1074560664703,5),(1,1116606958982,5),(2,1126812354700,5),(2,1153005436685,5),(3,1212148607497,5),(1,1297436011637,5),(2,1306445796635,5),(2,1347941499483,5),(1,1430937623633,5),(1,1488515868119,5),(1,1489895785488,5),(3,1568254810189,5),(2,1841363972930,5),(1,1884752033664,5),(2,1999173972484,5),(1,1999175221635,5),(3,2131928463530,5),(1,2167684398452,5),(1,2349417521177,5),(3,2364347149874,5),(2,2372413716794,5),(3,2833210167593,5),(2,2972451307144,5),(1,3064009453430,5),(1,3107335369872,5),(2,3127865758618,5),(2,3193969717953,5),(1,3207473542944,5),(-1,3220123116607,5),(2,3261285399325,5),(1,3578107963372,5),(2,3618456023178,5),(3,3636299678055,5),(3,3756980224276,5),(2,4089950673159,5),(1,4115250890401,5),(1,4152806489920,5),(1,4268627099896,5),(2,4296522430758,5),(2,4391229539277,5),(1,4454807324148,5),(1,4606566578861,5),(3,4650969131516,5),(3,4693874922830,5),(1,4832966441647,5),(2,4929859987550,5),(3,5183409819690,5),(3,5456429866755,5),(2,5494724089011,5),(2,5508185951725,5),(0,5517373755374,5),(2,5566444965150,5),(3,5880267763753,5),(1,6219856404541,5),(2,6287708802067,5),(1,6350033594347,5),(3,6456794880303,5),(1,6511646113812,5),(1,6629370975730,5),(1,6653159087817,5),(3,6688751513177,5),(1,6762375278243,5),(1,6848325114167,5),(2,7214248851312,5),(1,7281413357185,5),(3,7367371304098,5),(2,7438096765267,5),(2,7567169927335,5),(2,7605024846753,5),(2,7659489693711,5),(1,7711413737235,5),(2,7755898641996,5),(1,7792489045395,5),(3,7811720330252,5),(2,7990244879027,5),(3,8254238620165,5),(3,8264725327153,5),(3,8521608397202,5),(0,8548363419878,5),(2,8626958072945,5),(1,8697261847388,5),(2,8900757253020,5),(1,8910950787911,5),(2,8962836923420,5),(2,9007144409202,5),(3,9033221237235,5),(2,9109804213797,5),(2,9207742114175,5),(1,9219034632769,5),(0,9354178882597,5),(1,9406856102132,5),(2,9490109880272,5),(2,9567718119779,5),(1,9737863198576,5),(2,9739130749705,5),(1,9765654361715,5),(2,9811917595601,5),(3,9858765974982,5),(3,9882758923892,5),(1,9993567451113,5),(1,1073629279588,6),(3,1074560664703,6),(1,1126812354700,6),(3,1153005436685,6),(2,1212148607497,6),(1,1292103779027,6),(3,1297436011637,6),(2,1453031648935,6),(1,1486540055135,6),(3,1798300176342,6),(2,1841363972930,6),(3,1884752033664,6),(2,1999173972484,6),(1,2114657248842,6),(2,2145897665884,6),(3,2167684398452,6),(3,2364347149874,6),(2,2396929730247,6),(2,2833210167593,6),(1,2903278609230,6),(0,2972451307144,6),(2,2984578966862,6),(2,3064009453430,6),(1,3079396977330,6),(3,3107335369872,6),(2,3127865758618,6),(2,3174778329473,6),(1,3207473542944,6),(0,3220123116607,6),(1,3636299678055,6),(2,3656018719947,6),(2,3692740665327,6),(3,3756980224276,6),(3,4089950673159,6),(3,4140951777695,6),(3,4173279492495,6),(2,4268627099896,6),(1,4296522430758,6),(3,4440304732510,6),(3,4454807324148,6),(3,4589910366138,6),(0,4606566578861,6),(2,4667412452750,6),(2,4785138356950,6),(2,4858225663620,6),(1,4869870691198,6),(2,4946671575029,6),(2,5183409819690,6),(3,5494724089011,6),(3,5517373755374,6),(1,5880267763753,6),(3,6027037313846,6),(1,6145925892422,6),(1,6153360567012,6),(2,6219856404541,6),(3,6287708802067,6),(2,6452966853203,6),(3,6456794880303,6),(3,6511646113812,6),(2,6629370975730,6),(2,6632716926317,6),(2,6653159087817,6),(2,6682660543221,6),(1,7016908686537,6),(3,7158670919866,6),(1,7205097535074,6),(1,7214248851312,6),(1,7281413357185,6),(2,7367371304098,6),(2,7438096765267,6),(1,7561444116695,6),(3,7567169927335,6),(2,7605024846753,6),(1,7755898641996,6),(1,7811720330252,6),(3,7990244879027,6),(1,8264725327153,6),(2,8336473825612,6),(2,8341696933214,6),(3,8498752694348,6),(2,8697261847388,6),(1,9007144409202,6),(1,9028150382753,6),(1,9033221237235,6),(1,9094793362769,6),(3,9207742114175,6),(2,9219034632769,6),(3,9224583734754,6),(3,9324118711655,6),(1,9406856102132,6),(2,9490109880272,6),(1,9491414035477,6),(1,9547811883165,6),(2,9567718119779,6),(3,9574109824068,6),(2,9739130749705,6),(2,9811917595601,6),(3,9812685120769,6),(3,9858765974982,6),(1,9882758923892,6);
/*!40000 ALTER TABLE `library_book` ENABLE KEYS */;
UNLOCK TABLES;

--
-- Table structure for table `reservation`
--

DROP TABLE IF EXISTS `reservation`;
/*!40101 SET @saved_cs_client     = @@character_set_client */;
/*!50503 SET character_set_client = utf8mb4 */;
CREATE TABLE `reservation` (
  `reservation_id` int unsigned NOT NULL AUTO_INCREMENT,
  `user_id` mediumint unsigned NOT NULL,
  `isbn` bigint unsigned NOT NULL,
  `reservation_date` date NOT NULL,
  `cancelled` tinyint(1) NOT NULL DEFAULT '0',
  PRIMARY KEY (`reservation_id`),
  KEY `isbn` (`isbn`),
  KEY `idx_reservation_user_id` (`user_id`),
  CONSTRAINT `reservation_ibfk_1` FOREIGN KEY (`isbn`) REFERENCES `library_book` (`isbn`) ON DELETE CASCADE ON UPDATE CASCADE,
  CONSTRAINT `reservation_ibfk_2` FOREIGN KEY (`user_id`) REFERENCES `simple_user` (`user_id`) ON DELETE CASCADE ON UPDATE CASCADE
) ENGINE=InnoDB AUTO_INCREMENT=61 DEFAULT CHARSET=utf8mb4 COLLATE=utf8mb4_0900_ai_ci;
/*!40101 SET character_set_client = @saved_cs_client */;

--
-- Dumping data for table `reservation`
--

LOCK TABLES `reservation` WRITE;
/*!40000 ALTER TABLE `reservation` DISABLE KEYS */;
INSERT INTO `reservation` VALUES (1,29,3182701383200,'2023-06-05',0),(2,29,4268627099896,'2023-06-05',0),(3,91,9491414035477,'2023-06-05',0),(4,135,9993567451113,'2023-06-05',0),(5,59,3064009453430,'2023-06-05',0),(6,68,7434507091721,'2023-06-05',0),(7,115,4832966441647,'2023-06-05',0),(8,89,9224583734754,'2023-06-05',0),(9,89,6153360567012,'2023-06-05',0),(10,51,7755898641996,'2023-06-05',1),(11,138,3297437336773,'2023-06-05',0),(12,71,6287708802067,'2023-06-05',0),(13,95,3064009453430,'2023-06-05',0),(14,155,7567169927335,'2023-06-05',0),(15,127,2984578966862,'2023-06-05',0),(16,127,2145897665884,'2023-06-05',0),(17,112,4440304732510,'2023-06-05',0),(18,73,9224583734754,'2023-06-05',0),(19,71,9858765974982,'2023-06-05',0),(20,112,2984578966862,'2023-06-05',0),(21,133,9219034632769,'2023-06-05',0),(22,60,3925719614933,'2023-06-05',0),(23,63,9993567451113,'2023-06-05',0),(24,63,1486540055135,'2023-06-05',0),(25,140,9207742114175,'2023-06-05',1),(26,98,6848325114167,'2023-06-05',0),(27,116,1999175221635,'2023-06-05',0),(28,55,1486540055135,'2023-06-05',0),(29,98,9033221237235,'2023-06-05',0),(30,58,9109804213797,'2023-06-05',0),(31,157,1116606958982,'2023-06-05',0),(32,106,1884752033664,'2023-06-05',0),(33,124,3802096622413,'2023-06-05',0),(34,157,5456429866755,'2023-06-05',0),(35,48,6762375278243,'2023-06-05',0),(36,48,7811720330252,'2023-06-05',0),(37,107,3656018719947,'2023-06-05',0),(38,80,4650969131516,'2023-06-05',0),(39,54,9007144409202,'2023-06-05',0),(40,107,6723873435411,'2023-06-05',0),(41,134,6653159087817,'2023-06-05',0),(42,70,9207742114175,'2023-06-05',0),(43,74,6762375278243,'2023-06-05',0),(44,65,2372413716794,'2023-06-05',0),(45,74,6350033594347,'2023-06-05',0),(46,100,4391229539277,'2023-06-05',0),(47,57,1297436011637,'2023-06-05',0),(48,100,1999173972484,'2023-06-05',0),(49,41,8910950787911,'2023-06-05',0),(50,70,3064009453430,'2023-06-05',0),(51,38,3127865758618,'2023-06-05',0),(52,17,4173279492495,'2023-06-05',0),(53,40,9207742114175,'2023-06-05',0),(54,94,4785138356950,'2023-06-05',1),(55,160,4606566578861,'2023-06-05',0),(56,38,7367371304098,'2023-06-05',0),(57,125,9406856102132,'2023-06-05',0),(58,92,3064009453430,'2023-06-05',0),(59,40,9094793362769,'2023-06-05',0),(60,92,7438096765267,'2023-06-05',0);
/*!40000 ALTER TABLE `reservation` ENABLE KEYS */;
UNLOCK TABLES;
/*!50003 SET @saved_cs_client      = @@character_set_client */ ;
/*!50003 SET @saved_cs_results     = @@character_set_results */ ;
/*!50003 SET @saved_col_connection = @@collation_connection */ ;
/*!50003 SET character_set_client  = utf8mb4 */ ;
/*!50003 SET character_set_results = utf8mb4 */ ;
/*!50003 SET collation_connection  = utf8mb4_0900_ai_ci */ ;
/*!50003 SET @saved_sql_mode       = @@sql_mode */ ;
/*!50003 SET sql_mode              = 'ONLY_FULL_GROUP_BY,STRICT_TRANS_TABLES,NO_ZERO_IN_DATE,NO_ZERO_DATE,ERROR_FOR_DIVISION_BY_ZERO,NO_ENGINE_SUBSTITUTION' */ ;
DELIMITER ;;
/*!50003 CREATE*/ /*!50017 DEFINER=`library_user`@`localhost`*/ /*!50003 TRIGGER `update_res_num` AFTER INSERT ON `reservation` FOR EACH ROW BEGIN
    IF NEW.cancelled != TRUE THEN
        UPDATE simple_user
        SET res_num = res_num + 1
        WHERE user_id = NEW.user_id;
    END IF;
END */;;
DELIMITER ;
/*!50003 SET sql_mode              = @saved_sql_mode */ ;
/*!50003 SET character_set_client  = @saved_cs_client */ ;
/*!50003 SET character_set_results = @saved_cs_results */ ;
/*!50003 SET collation_connection  = @saved_col_connection */ ;
/*!50003 SET @saved_cs_client      = @@character_set_client */ ;
/*!50003 SET @saved_cs_results     = @@character_set_results */ ;
/*!50003 SET @saved_col_connection = @@collation_connection */ ;
/*!50003 SET character_set_client  = utf8mb4 */ ;
/*!50003 SET character_set_results = utf8mb4 */ ;
/*!50003 SET collation_connection  = utf8mb4_0900_ai_ci */ ;
/*!50003 SET @saved_sql_mode       = @@sql_mode */ ;
/*!50003 SET sql_mode              = 'ONLY_FULL_GROUP_BY,STRICT_TRANS_TABLES,NO_ZERO_IN_DATE,NO_ZERO_DATE,ERROR_FOR_DIVISION_BY_ZERO,NO_ENGINE_SUBSTITUTION' */ ;
DELIMITER ;;
/*!50003 CREATE*/ /*!50017 DEFINER=`library_user`@`localhost`*/ /*!50003 TRIGGER `update_res_num_return` AFTER UPDATE ON `reservation` FOR EACH ROW BEGIN
    IF NEW.cancelled = TRUE AND OLD.cancelled = FALSE THEN
        UPDATE simple_user
        SET res_num = res_num - 1
        WHERE user_id = NEW.user_id;
    END IF;
END */;;
DELIMITER ;
/*!50003 SET sql_mode              = @saved_sql_mode */ ;
/*!50003 SET character_set_client  = @saved_cs_client */ ;
/*!50003 SET character_set_results = @saved_cs_results */ ;
/*!50003 SET collation_connection  = @saved_col_connection */ ;

--
-- Table structure for table `review`
--

DROP TABLE IF EXISTS `review`;
/*!40101 SET @saved_cs_client     = @@character_set_client */;
/*!50503 SET character_set_client = utf8mb4 */;
CREATE TABLE `review` (
  `review_id` int unsigned NOT NULL AUTO_INCREMENT,
  `likert` tinyint unsigned NOT NULL,
  `review_text` varchar(1000) DEFAULT 'There is no written review submitted',
  `isbn` bigint unsigned NOT NULL,
  `user_id` mediumint unsigned NOT NULL,
  `approved` tinyint(1) NOT NULL DEFAULT '1',
  PRIMARY KEY (`review_id`),
  KEY `isbn` (`isbn`),
  KEY `idx_review_user_id` (`user_id`),
  CONSTRAINT `review_ibfk_1` FOREIGN KEY (`isbn`) REFERENCES `book` (`isbn`) ON DELETE CASCADE ON UPDATE CASCADE,
  CONSTRAINT `review_ibfk_2` FOREIGN KEY (`user_id`) REFERENCES `simple_user` (`user_id`) ON DELETE CASCADE ON UPDATE CASCADE,
  CONSTRAINT `review_chk_1` CHECK (((`likert` >= 1) and (`likert` <= 5)))
) ENGINE=InnoDB AUTO_INCREMENT=200 DEFAULT CHARSET=utf8mb4 COLLATE=utf8mb4_0900_ai_ci;
/*!40101 SET character_set_client = @saved_cs_client */;

--
-- Dumping data for table `review`
--

LOCK TABLES `review` WRITE;
/*!40000 ALTER TABLE `review` DISABLE KEYS */;
INSERT INTO `review` VALUES (1,4,'There is no written review submitted',1430937623633,135,1),(2,5,'There is no written review submitted',4268627099896,115,1),(3,2,'There is no written review submitted',8900757253020,68,0),(4,4,'There is no written review submitted',3107335369872,29,0),(5,4,'There is no written review submitted',4268627099896,153,1),(6,4,'There is no written review submitted',9207742114175,135,1),(7,1,'There is no written review submitted',2372413716794,59,0),(8,4,'There is no written review submitted',1889530462928,118,0),(9,3,'There is no written review submitted',1488515868119,51,1),(10,2,'There is no written review submitted',3692740665327,135,1),(11,2,'There is no written review submitted',1489895785488,165,1),(12,4,'There is no written review submitted',8336473825612,29,0),(13,4,'There is no written review submitted',4929859987550,165,1),(14,4,'There is no written review submitted',8132742901390,91,0),(15,2,'There is no written review submitted',6219856404541,115,0),(16,3,'There is no written review submitted',9574109824068,89,0),(17,4,'There is no written review submitted',1126812354700,51,0),(18,2,'There is no written review submitted',1126812354700,51,1),(19,1,'There is no written review submitted',3656018719947,153,1),(20,4,'There is no written review submitted',5494724089011,51,1),(21,3,'There is no written review submitted',4589910366138,135,1),(22,2,'There is no written review submitted',9033221237235,135,1),(23,4,'There is no written review submitted',3656018719947,115,1),(24,5,'There is no written review submitted',7016908686537,89,1),(25,5,'There is no written review submitted',2268167135439,59,1),(26,1,'There is no written review submitted',1126812354700,150,1),(27,4,'There is no written review submitted',6653159087817,59,1),(28,4,'There is no written review submitted',9224583734754,129,1),(29,4,'There is no written review submitted',5508185951725,96,1),(30,2,'There is no written review submitted',4440304732510,103,1),(31,3,'There is no written review submitted',6653159087817,112,1),(32,2,'There is no written review submitted',9028150382753,71,1),(33,3,'There is no written review submitted',2984578966862,127,1),(34,5,'There is no written review submitted',6027037313846,105,0),(35,2,'There is no written review submitted',4751001788808,73,0),(36,5,'There is no written review submitted',2594664167353,155,1),(37,1,'There is no written review submitted',3925719614933,105,1),(38,5,'There is no written review submitted',8298667821950,71,1),(39,1,'There is no written review submitted',9109804213797,129,1),(40,4,'There is no written review submitted',3193969717953,73,1),(41,1,'There is no written review submitted',1306445796635,113,1),(42,2,'There is no written review submitted',9224583734754,73,1),(43,2,'There is no written review submitted',7016908686537,78,1),(44,1,'There is no written review submitted',4869870691198,155,1),(45,5,'There is no written review submitted',2349417521177,73,1),(46,5,'There is no written review submitted',5015118156484,73,1),(47,4,'There is no written review submitted',1153005436685,96,1),(48,3,'There is no written review submitted',9858765974982,122,1),(49,2,'There is no written review submitted',6027037313846,145,1),(50,1,'There is no written review submitted',3064009453430,103,1),(51,1,'There is no written review submitted',6331997014819,113,1),(52,5,'There is no written review submitted',3193969717953,122,1),(53,3,'There is no written review submitted',5508185951725,129,1),(54,4,'There is no written review submitted',8626958072945,96,1),(55,1,'There is no written review submitted',7792489045395,77,1),(56,2,'There is no written review submitted',1347941499483,139,1),(57,4,'There is no written review submitted',6632716926317,133,1),(58,5,'There is no written review submitted',4152806489920,159,1),(59,3,'There is no written review submitted',1841363972930,86,0),(60,2,'There is no written review submitted',4751001788808,147,1),(61,2,'There is no written review submitted',9109804213797,144,1),(62,3,'There is no written review submitted',4751001788808,139,1),(63,1,'There is no written review submitted',6219856404541,123,1),(64,5,'There is no written review submitted',6145925892422,161,1),(65,3,'There is no written review submitted',3079396977330,123,1),(66,5,'There is no written review submitted',2594664167353,161,1),(67,3,'There is no written review submitted',8341696933214,58,0),(68,5,'There is no written review submitted',1884752033664,87,0),(69,3,'There is no written review submitted',9567718119779,63,0),(70,2,'There is no written review submitted',9737863198576,159,1),(71,2,'There is no written review submitted',1999175221635,116,1),(72,3,'There is no written review submitted',7016908686537,39,1),(73,1,'There is no written review submitted',8910950787911,139,1),(74,2,'There is no written review submitted',6219856404541,63,1),(75,2,'There is no written review submitted',4751001788808,159,1),(76,5,'There is no written review submitted',1347941499483,98,0),(77,3,'There is no written review submitted',3127865758618,132,1),(78,1,'There is no written review submitted',4946671575029,159,1),(79,2,'There is no written review submitted',7438096765267,123,1),(80,5,'There is no written review submitted',7438096765267,106,1),(81,2,'There is no written review submitted',1798300176342,167,1),(82,2,'There is no written review submitted',3064009453430,158,1),(83,2,'There is no written review submitted',3243125056920,109,1),(84,1,'There is no written review submitted',9811917595601,107,1),(85,2,'There is no written review submitted',9354178882597,158,1),(86,5,'There is no written review submitted',4268627099896,79,1),(87,5,'There is no written review submitted',3243125056920,157,1),(88,5,'There is no written review submitted',3207473542944,44,0),(89,1,'There is no written review submitted',9812685120769,130,1),(90,1,'There is no written review submitted',2372413716794,79,1),(91,2,'There is no written review submitted',9109804213797,124,1),(92,5,'There is no written review submitted',2289945496584,43,0),(93,2,'There is no written review submitted',4693874922830,167,1),(94,2,'There is no written review submitted',8132742901390,163,1),(95,2,'There is no written review submitted',3261285399325,119,1),(96,4,'There is no written review submitted',9882758923892,54,1),(97,3,'There is no written review submitted',6350033594347,80,1),(98,2,'There is no written review submitted',7561444116695,36,0),(99,4,'There is no written review submitted',9207742114175,158,1),(100,2,'There is no written review submitted',9739130749705,124,1),(101,2,'There is no written review submitted',7561444116695,28,1),(102,4,'There is no written review submitted',1297436011637,80,1),(103,2,'There is no written review submitted',1334143094508,85,1),(104,2,'There is no written review submitted',7990244879027,52,1),(105,3,'There is no written review submitted',6331997014819,36,1),(106,2,'There is no written review submitted',4440304732510,157,1),(107,5,'There is no written review submitted',7659489693711,67,1),(108,2,'There is no written review submitted',6511646113812,81,1),(109,1,'There is no written review submitted',3261285399325,100,1),(110,1,'There is no written review submitted',5566444965150,41,1),(111,4,'There is no written review submitted',3618456023178,31,1),(112,5,'There is no written review submitted',9739130749705,22,1),(113,4,'There is no written review submitted',5183409819690,65,1),(114,5,'There is no written review submitted',9406856102132,46,1),(115,5,'There is no written review submitted',3578107963372,120,1),(116,4,'There is no written review submitted',6350033594347,31,1),(117,5,'There is no written review submitted',9007144409202,81,1),(118,2,'There is no written review submitted',5880267763753,88,1),(119,4,'There is no written review submitted',9993567451113,134,1),(120,1,'There is no written review submitted',9033221237235,62,1),(121,4,'There is no written review submitted',9567718119779,110,1),(122,5,'There is no written review submitted',7792489045395,70,1),(123,2,'There is no written review submitted',4454807324148,70,1),(124,4,'There is no written review submitted',4268627099896,25,1),(125,5,'There is no written review submitted',5494724089011,134,1),(126,5,'There is no written review submitted',9765654361715,41,1),(127,5,'There is no written review submitted',7990244879027,100,1),(128,4,'There is no written review submitted',1489895785488,66,1),(129,5,'There is no written review submitted',9737863198576,110,1),(130,1,'There is no written review submitted',2833210167593,25,1),(131,4,'There is no written review submitted',3261285399325,134,1),(132,2,'There is no written review submitted',9109804213797,88,1),(133,4,'There is no written review submitted',4391229539277,42,1),(134,5,'There is no written review submitted',4440304732510,82,1),(135,5,'There is no written review submitted',9739130749705,82,1),(136,4,'There is no written review submitted',1074560664703,148,1),(137,3,'There is no written review submitted',3174778329473,102,1),(138,5,'There is no written review submitted',4296522430758,11,1),(139,1,'There is no written review submitted',1841363972930,160,1),(140,3,'There is no written review submitted',1292103779027,148,1),(141,5,'There is no written review submitted',6219856404541,40,1),(142,5,'There is no written review submitted',9490109880272,15,1),(143,4,'There is no written review submitted',2984578966862,15,1),(144,5,'There is no written review submitted',6653159087817,13,1),(145,4,'There is no written review submitted',1292103779027,35,1),(146,2,'There is no written review submitted',1798300176342,47,1),(147,3,'There is no written review submitted',6456794880303,61,1),(148,5,'There is no written review submitted',2114657248842,151,1),(149,1,'There is no written review submitted',9028150382753,47,1),(150,2,'There is no written review submitted',6682660543221,45,1),(151,2,'There is no written review submitted',9224583734754,11,1),(152,2,'There is no written review submitted',7605024846753,11,1),(153,2,'There is no written review submitted',2984578966862,164,1),(154,5,'There is no written review submitted',4440304732510,108,1),(155,1,'There is no written review submitted',8498752694348,61,1),(156,4,'There is no written review submitted',4268627099896,99,1),(157,2,'There is no written review submitted',1486540055135,94,1),(158,2,'There is no written review submitted',7755898641996,17,1),(159,1,'There is no written review submitted',6153360567012,104,1),(160,4,'There is no written review submitted',1889530462928,165,1),(161,2,'There is no written review submitted',6350033594347,91,1),(162,1,'There is no written review submitted',8982090089752,101,1),(163,5,'There is no written review submitted',9862578231662,68,1),(164,5,'There is no written review submitted',3013463266893,24,1),(165,2,'There is no written review submitted',7990244879027,101,1),(166,2,'There is no written review submitted',6219856404541,24,1),(167,1,'There is no written review submitted',9094793362769,150,1),(168,1,'There is no written review submitted',7367371304098,91,1),(169,3,'There is no written review submitted',2372413716794,153,1),(170,4,'There is no written review submitted',9324118711655,59,1),(171,2,'There is no written review submitted',2012096842470,91,1),(172,1,'There is no written review submitted',3174778329473,153,1),(173,5,'There is no written review submitted',9547811883165,150,1),(174,3,'There is no written review submitted',6145925892422,113,1),(175,4,'There is no written review submitted',6219856404541,103,1),(176,5,'There is no written review submitted',3193969717953,84,1),(177,4,'There is no written review submitted',5566444965150,105,1),(178,4,'There is no written review submitted',2145897665884,103,1),(179,3,'There is no written review submitted',3243125056920,93,1),(180,5,'There is no written review submitted',3656018719947,138,1),(181,4,'There is no written review submitted',2833210167593,93,1),(182,5,'There is no written review submitted',9324118711655,84,1),(183,5,'There is no written review submitted',7214248851312,114,1),(184,2,'There is no written review submitted',5015118156484,112,1),(185,3,'There is no written review submitted',7567169927335,105,1),(186,1,'There is no written review submitted',7214248851312,162,1),(187,4,'There is no written review submitted',7205097535074,123,1),(188,5,'There is no written review submitted',9219034632769,23,1),(189,2,'There is no written review submitted',3656018719947,55,1),(190,2,'There is no written review submitted',3636299678055,30,1),(191,5,'There is no written review submitted',7016908686537,123,1),(192,5,'There is no written review submitted',6145925892422,9,1),(193,2,'There is no written review submitted',3174778329473,147,1),(194,4,'There is no written review submitted',8132742901390,139,1),(195,1,'There is no written review submitted',4268627099896,137,1),(196,2,'There is no written review submitted',9207742114175,9,1),(197,2,'There is no written review submitted',8910950787911,87,1),(198,3,'There is no written review submitted',4751001788808,63,1),(199,3,'There is no written review submitted',6145925892422,161,1);
/*!40000 ALTER TABLE `review` ENABLE KEYS */;
UNLOCK TABLES;

--
-- Table structure for table `school`
--

DROP TABLE IF EXISTS `school`;
/*!40101 SET @saved_cs_client     = @@character_set_client */;
/*!50503 SET character_set_client = utf8mb4 */;
CREATE TABLE `school` (
  `school_id` smallint unsigned NOT NULL AUTO_INCREMENT,
  `name` varchar(50) NOT NULL,
  `principal_name` varchar(50) NOT NULL,
  `city` varchar(20) NOT NULL,
  `phone_number` int NOT NULL,
  `email` varchar(50) NOT NULL,
  `address` varchar(50) NOT NULL,
  `school_admin_id` mediumint unsigned NOT NULL DEFAULT '1',
  PRIMARY KEY (`school_id`),
  UNIQUE KEY `email` (`email`),
  UNIQUE KEY `name` (`name`),
  KEY `idx_school_name` (`name`),
  KEY `idx_school_admin_id` (`school_admin_id`),
  CONSTRAINT `fk_school_admin_id` FOREIGN KEY (`school_admin_id`) REFERENCES `users` (`user_id`)
) ENGINE=InnoDB AUTO_INCREMENT=7 DEFAULT CHARSET=utf8mb4 COLLATE=utf8mb4_0900_ai_ci;
/*!40101 SET character_set_client = @saved_cs_client */;

--
-- Dumping data for table `school`
--

LOCK TABLES `school` WRITE;
/*!40000 ALTER TABLE `school` DISABLE KEYS */;
INSERT INTO `school` VALUES (1,'1o ΓΕΛ Πειραιά','Ευάγγελος Μαρινάκης','Πειραιάς',2100000001,'gel1peiraias@example.com','Κηφησίας 1',2),(2,'2o ΓΕΛ Αθηνών','Ιωάννης Αλαφούζος','Αθήνα',2100000002,'gel2athens@example.com','Κηφησίας 2',3),(3,'3o ΓΕΛ Νεας Φιλαδέλφειας','Δημήτριος Μελισσανίδης','Νέα Φιλαδέλφεια',2100000003,'gel3neafiladelfia@example.com','Κηφησίας 3',4),(4,'4o ΓΕΛ Θεσσαλονίκης','Ιβάν Σαββίδης','Θεσσαλονίκης',2100000004,'gel4thessaloniki@example.com','Κηφησίας 4',5),(5,'5o ΓΕΛ Θεσσαλονίκης','Θεόδωρος Καρυπίδης','Θεσσαλονίκη',2100000005,'gel5thessaloniki@example.com','Κηφησίας 5',6),(6,'6o ΓΕΛ Μονακό','Αχιλλεύς Μπέος','Βόλος',2100000006,'gel6monaco@example.com','Κηφησίας 6',7);
/*!40000 ALTER TABLE `school` ENABLE KEYS */;
UNLOCK TABLES;

--
-- Table structure for table `school_admin`
--

DROP TABLE IF EXISTS `school_admin`;
/*!40101 SET @saved_cs_client     = @@character_set_client */;
/*!50503 SET character_set_client = utf8mb4 */;
CREATE TABLE `school_admin` (
  `user_id` mediumint unsigned NOT NULL,
  `name` varchar(30) NOT NULL,
  `surname` varchar(30) NOT NULL,
  `school_id` smallint unsigned NOT NULL,
  `active` tinyint(1) NOT NULL DEFAULT '0',
  PRIMARY KEY (`user_id`),
  KEY `idx_admin_school_id` (`school_id`),
  CONSTRAINT `school_admin_ibfk_1` FOREIGN KEY (`school_id`) REFERENCES `school` (`school_id`)
) ENGINE=InnoDB DEFAULT CHARSET=utf8mb4 COLLATE=utf8mb4_0900_ai_ci;
/*!40101 SET character_set_client = @saved_cs_client */;

--
-- Dumping data for table `school_admin`
--

LOCK TABLES `school_admin` WRITE;
/*!40000 ALTER TABLE `school_admin` DISABLE KEYS */;
INSERT INTO `school_admin` VALUES (2,'Κωνσταντίνος','Καραπαπάς',1,1),(3,'Σπυρίδων','Βλάχος',2,1),(4,'Ιωάννης','Παπαδόπουλος',3,1),(5,'Γεώργιος','Σαββίδης',4,1),(6,'Φώτιος','Κεχαγιάς',5,1),(7,'Αλέξιος','Κούγιας',6,1);
/*!40000 ALTER TABLE `school_admin` ENABLE KEYS */;
UNLOCK TABLES;

--
-- Table structure for table `simple_user`
--

DROP TABLE IF EXISTS `simple_user`;
/*!40101 SET @saved_cs_client     = @@character_set_client */;
/*!50503 SET character_set_client = utf8mb4 */;
CREATE TABLE `simple_user` (
  `user_id` mediumint unsigned NOT NULL,
  `user_type` enum('teacher','student') NOT NULL,
  `name` varchar(30) NOT NULL,
  `surname` varchar(30) NOT NULL,
  `birthdate` date NOT NULL,
  `active` tinyint(1) NOT NULL DEFAULT '0',
  `age` tinyint unsigned DEFAULT NULL,
  `cur_borrow_num` tinyint unsigned NOT NULL DEFAULT '0',
  `res_num` tinyint unsigned NOT NULL DEFAULT '0',
  `school_id` smallint unsigned NOT NULL,
  PRIMARY KEY (`user_id`),
  KEY `idx_simple_user_name` (`name`),
  KEY `idx_simple_user_surname` (`surname`),
  KEY `idx_user_school_id` (`school_id`),
  CONSTRAINT `simple_user_ibfk_1` FOREIGN KEY (`school_id`) REFERENCES `school` (`school_id`) ON DELETE CASCADE ON UPDATE CASCADE
) ENGINE=InnoDB DEFAULT CHARSET=utf8mb4 COLLATE=utf8mb4_0900_ai_ci;
/*!40101 SET character_set_client = @saved_cs_client */;

--
-- Dumping data for table `simple_user`
--

LOCK TABLES `simple_user` WRITE;
/*!40000 ALTER TABLE `simple_user` DISABLE KEYS */;
INSERT INTO `simple_user` VALUES (8,'student','Σωτήριος','Βασιλείου','2005-05-21',1,18,0,0,3),(9,'student','Στέφανος','Κωνσταντίνου','2006-04-12',1,17,2,0,3),(10,'student','Αθανάσιος','Αλεξίου','2006-03-10',1,17,0,0,6),(11,'student','Σωτήριος','Στυλιανού','2006-03-15',1,17,0,0,6),(12,'student','Διονύσιος','Παπαδάκης','2005-06-18',1,17,0,0,5),(13,'student','Αντώνιος','Γεωργίου','2006-07-24',1,16,0,0,6),(14,'student','Γρηγόριος','Αλεξίου','2005-02-27',1,18,0,0,5),(15,'student','Διονύσιος','Παπαγεωργίου','2006-02-15',1,17,2,0,6),(16,'student','Ιωάννης','Χατζής','2006-08-22',1,16,0,0,4),(17,'student','Ιωάννης','Παπαδάκης','2006-01-14',1,17,0,1,6),(18,'student','Αθανάσιος','Παπαστεφάνου','2005-08-26',1,17,0,0,1),(19,'student','Πέτρος','Πέτρου','2005-05-27',1,18,0,0,2),(20,'student','Στέφανος','Γκίκας','2005-03-24',1,18,0,0,4),(21,'student','Στέφανος','Παπαστεφάνου','2006-06-10',1,16,1,0,4),(22,'student','Απόστολος','Αναστασίου','2006-03-11',1,17,1,0,5),(23,'student','Νικήτας','Παπαϊωάννου','2005-01-10',1,18,0,0,3),(24,'student','Πέτρος','Νικολάου','2007-08-24',1,15,1,0,1),(25,'student','Αχιλλεύς','Παπαϊωάννου','2007-07-25',1,15,0,0,5),(26,'student','Κώνσταντίνος','Αλεξίου','2006-03-23',1,17,0,0,3),(27,'student','Θωμάς','Λαμπρόπουλος','2007-08-28',1,15,0,0,5),(28,'student','Θωμάς','Παπαδόπουλος','2005-03-23',1,18,1,0,4),(29,'student','Απόστολος','Παπαδόπουλος','2007-02-11',1,16,0,2,1),(30,'student','Ευάγγελος','Παπαδάκης','2006-09-19',1,16,1,0,3),(31,'student','Μάριος','Παπαγεωργίου','2006-06-28',1,16,0,0,5),(32,'student','Πέτρος','Καδιανάκης','2006-07-27',1,16,0,0,5),(33,'student','Σπύρίδων','Παπαδάκης','2007-04-15',1,16,0,0,3),(34,'student','Νίκολαος','Παυλίδης','2005-05-28',1,18,0,0,6),(35,'student','Πέτρος','Ανδρέου','2007-02-14',1,16,0,0,6),(36,'student','Αντώνιος','Χριστοφόρου','2005-05-17',1,18,2,0,4),(37,'student','Λουκάς','Στυλιανού','2006-03-19',1,17,1,0,2),(38,'student','Χρήστος','Δημητρίου','2007-04-22',1,16,0,2,6),(39,'student','Ευάγγελος','Παπανικολάου','2005-04-21',1,18,0,0,3),(40,'student','Αχιλλεύς','Κωνσταντίνου','2006-04-26',1,17,0,2,6),(41,'student','Μάριος','Παναγιωτίδης','2007-04-19',1,16,0,1,5),(42,'student','Νικήτας','Λαμπρόπουλος','2005-08-26',1,17,1,0,5),(43,'student','Αχιλλεύς','Παπαμιχαήλ','2007-02-12',1,16,1,0,4),(44,'student','Χρήστος','Αθανασίου','2005-01-13',1,18,0,0,4),(45,'student','Μάρκος','Καδιανάκης','2005-09-15',1,17,0,0,6),(46,'student','Ευάγγελος','Τσουμάκος','2006-04-20',1,17,0,0,5),(47,'student','Θωμάς','Κωνσταντίνου','2005-07-18',1,17,0,0,6),(48,'student','Σάββας','Παπαδόπουλος','2005-01-18',1,18,0,2,4),(49,'student','Ιωάννης','Δημούλης','2007-06-19',1,15,0,0,5),(50,'student','Στέφανος','Παπαγεωργίου','2007-06-25',1,15,1,0,4),(51,'student','Σπύρίδων','Αλεξίου','2006-05-25',1,17,1,0,1),(52,'student','Θεόδωρος','Μιχαήλ','2007-03-27',1,16,0,0,4),(53,'student','Ευάγγελος','Παυλίδης','2006-05-13',1,17,2,0,5),(54,'student','Στέφανος','Γκίκας','2006-08-15',1,16,0,1,4),(55,'student','Θεόδωρος','Τσουμάκος','2005-08-20',1,17,0,1,3),(56,'student','Χρήστος','Χατζής','2005-01-18',1,18,1,0,5),(57,'student','Σπύρίδων','Παπαμιχαήλ','2005-08-28',1,17,0,1,5),(58,'student','Σάββας','Παπαδάκης','2006-03-23',1,17,0,1,3),(59,'student','Νικήτας','Γεωργίου','2005-02-28',1,18,0,1,1),(60,'student','Διονύσιος','Βλάχος','2006-06-15',1,16,0,1,3),(61,'student','Δημήτριος','Μιχαήλ','2005-09-26',1,17,0,0,6),(62,'student','Αντώνιος','Βασιλείου','2007-06-10',1,15,0,0,5),(63,'student','Νίκολαος','Παπανικολάου','2007-01-26',1,16,0,2,3),(64,'student','Ευάγγελος','Καδιανάκης','2005-03-27',1,18,0,0,5),(65,'student','Ορφεύς','Κωνσταντίνου','2006-06-26',1,16,0,1,5),(66,'student','Ιωάννης','Αθανασίου','2007-09-28',1,15,0,0,5),(67,'student','Σωτήριος','Παπαϊωάννου','2005-03-15',1,18,0,0,5),(68,'student','Ειρήνη','Αθανασίου','2005-01-12',1,18,1,1,1),(69,'student','Λουκία','Τσιτσιμπίκου','2005-04-14',1,18,0,0,4),(70,'student','Ειρήνη','Αγγελίδου','2005-01-24',1,18,0,2,5),(71,'student','Ροδούλα','Χριστοδούλου','2005-08-18',1,17,0,2,2),(72,'student','Μαρία','Κατσαρού','2006-05-14',1,17,1,0,6),(73,'student','Αναστασία','Πατσατζή','2006-02-26',1,17,0,1,2),(74,'student','Αικατερίνη','Μαρκοπούλου','2006-05-10',1,17,0,2,5),(75,'student','Ελένη','Καραμανλή','2005-09-28',1,17,1,0,5),(76,'student','Αναστασία','Κοντογιάννη','2005-06-17',1,17,0,0,2),(77,'student','Αγάπη','Μαρκοπούλου','2006-01-26',1,17,0,0,3),(78,'student','Ευαγγελία','Γεωργιάδου','2006-07-25',1,16,1,0,2),(79,'student','Ελένη','Κόνιαρη','2005-03-12',1,18,0,0,4),(80,'student','Γεωργία','Μαρίνου','2006-03-14',1,17,0,1,4),(81,'student','Ανθούλα','Σταυρίδου','2006-02-13',1,17,0,0,5),(82,'student','Βασιλική','Παπαμιχαήλ','2007-09-23',1,15,0,0,6),(83,'student','Σοφία','Παπαδάκη','2006-06-21',1,16,1,0,6),(84,'student','Ειρήνη','Κωνσταντινίδου','2005-08-23',1,17,0,0,2),(85,'student','Ελένη','Μαρκοπούλου','2005-07-24',1,17,0,0,4),(86,'student','Ευαγγελία','Καραγιάννη','2005-06-28',1,17,0,0,3),(87,'student','Βασιλική','Αθανασίου','2006-02-24',1,17,1,0,3),(88,'student','Αλεξάνδρα','Γεωργίου','2005-06-10',1,17,1,0,5),(89,'student','Θεοδώρα','Μαυροματάκη','2007-01-10',1,16,1,2,1),(90,'student','Θεοδώρα','Γεωργακοπούλου','2006-08-17',1,16,0,0,4),(91,'student','Σοφία','Γεωργακοπούλου','2005-01-24',1,18,0,1,1),(92,'student','Ευτυχία','Κοντογιάννη','2005-03-11',1,18,0,2,6),(93,'student','Ελένη','Καδιανάκη','2005-06-18',1,17,1,0,2),(94,'student','Ελένη','Παπαναστασίου','2006-08-18',1,16,2,0,6),(95,'student','Δήμητρα','Βλάχου','2005-03-24',1,18,0,1,2),(96,'student','Παναγιώτα','Καραγιάννη','2005-01-11',1,18,0,0,2),(97,'student','Μελίνα','Παπαδοπούλου','2006-01-16',1,17,1,0,5),(98,'student','Θεοδώρα','Γκίκα','2005-03-26',1,18,0,2,3),(99,'student','Παρασκευή','Κωνσταντινίδου','2005-06-21',1,17,0,0,6),(100,'student','Μυρσίνη','Δημητρίου','2005-05-18',1,18,0,2,5),(101,'student','Παρασκευή','Χατζή','2005-09-16',1,17,0,0,1),(102,'student','Σταυρούλα','Παπανικολάου','2006-06-22',1,16,1,0,6),(103,'student','Μαρία','Καραβαγγέλη','2007-05-11',1,16,0,0,2),(104,'student','Βασιλική','Τσιτσιμπίκου','2007-02-27',1,16,0,0,6),(105,'student','Ελισάβετ','Αναστασιάδου','2007-05-23',1,16,0,0,2),(106,'student','Ιωάννα','Παπαδοπούλου','2007-02-19',1,16,0,1,4),(107,'student','Αντιγόνη','Βλάχου','2006-06-27',1,16,0,2,4),(108,'student','Ελένη','Μαυροματάκη','2006-07-14',1,16,1,0,6),(109,'student','Γεωργία','Στεφανίδου','2007-02-25',1,16,0,0,4),(110,'student','Ειρήνη','Γεωργακοπούλου','2005-08-24',1,17,1,0,5),(111,'student','Σοφία','Παπαναστασίου','2007-08-23',1,15,0,0,3),(112,'student','Ελένη','Δημητρίου','2007-04-15',1,16,0,2,2),(113,'student','Μελίνα','Μαυροματάκη','2005-01-28',1,18,2,0,2),(114,'student','Μυρσίνη','Μαρίνου','2006-06-11',1,16,1,0,2),(115,'student','Ιωάννα','Καραγιάννη','2005-09-22',1,17,0,1,1),(116,'student','Μελίνα','Αγγελίδου','2006-09-28',1,16,0,1,3),(117,'student','Αικατερίνη','Στεφανίδου','2006-09-20',1,16,1,0,4),(118,'student','Ευαγγελία','Παπαδοπούλου','2005-06-22',1,17,1,0,1),(119,'student','Χριστίνα','Κόνιαρη','2006-04-18',1,17,0,0,4),(120,'student','Σοφία','Γεωργιάδου','2006-01-16',1,17,0,0,5),(121,'student','Σοφία','Κατσαρού','2007-07-15',1,15,0,0,4),(122,'student','Παρασκευή','Κατσαρού','2006-02-21',1,17,0,0,2),(123,'student','Αθηνά','Γεωργιάδου','2006-05-11',1,17,3,0,3),(124,'student','Ροδούλα','Παπαναστασίου','2005-03-10',1,18,0,1,4),(125,'student','Γεωργία','Παπαδοπούλου','2006-06-22',1,16,0,1,6),(126,'student','Ευσταθία','Κόνιαρη','2006-02-11',1,17,1,0,6),(127,'student','Μελίνα','Καδιανάκη','2007-02-26',1,16,0,2,2),(128,'teacher','Αχιλλεύς','Νικολάου','1978-05-13',1,45,0,0,6),(129,'teacher','Αντώνιος','Αλεξίου','1960-02-11',1,63,0,0,2),(130,'teacher','Χρήστος','Παπαδάκης','1993-08-14',1,29,1,0,4),(131,'teacher','Διονύσιος','Κόνιαρης','1987-03-21',1,36,0,0,6),(132,'teacher','Ανδρέας','Παπαναστασίου','1990-07-22',1,32,0,0,3),(133,'teacher','Νικήτας','Αναστασίου','1963-08-11',1,59,0,1,3),(134,'teacher','Σπύρίδων','Βασιλείου','1972-06-25',1,50,0,1,5),(135,'teacher','Χριστόφορος','Παπανδρέου','1989-03-15',1,34,0,1,1),(136,'teacher','Αχιλλεύς','Κοζύρης','1974-05-22',1,49,1,0,4),(137,'teacher','Αχιλλεύς','Βασιλείου','1985-07-23',1,37,0,0,3),(138,'teacher','Χριστόφορος','Παυλίδης','1989-06-14',1,33,0,1,2),(139,'teacher','Μάρκος','Βασιλείου','1994-09-16',1,28,0,0,3),(140,'teacher','Γρηγόριος','Αντωνίου','1962-02-10',1,61,2,0,3),(141,'teacher','Σωκράτης','Μιχαήλ','1977-07-16',1,45,0,0,4),(142,'teacher','Απόστολος','Παπαδάκης','1970-01-27',1,53,0,0,5),(143,'teacher','Παναγιώτης','Ανδρέου','1966-08-14',1,56,1,0,6),(144,'teacher','Αριστοτέλης','Δημούλης','1970-02-11',1,53,1,0,3),(145,'teacher','Σπύρίδων','Ζαχαρίου','1978-06-21',1,44,2,0,2),(146,'teacher','Ανδρόνικος','Αναστασίου','1981-09-18',1,41,0,0,6),(147,'teacher','Μάρκος','Χριστοφόρου','1990-01-16',1,33,0,0,3),(148,'teacher','Δέσποινα','Αναστασίου','1976-08-15',1,46,0,0,6),(149,'teacher','Αλεξάνδρα','Παπαμιχαήλ','1973-05-12',1,50,0,0,4),(150,'teacher','Ανθούλα','Παπαναστασίου','1980-04-15',1,43,3,0,1),(151,'teacher','Λουκία','Καραμανλή','1967-04-22',1,56,0,0,6),(152,'teacher','Δανάη','Παναγιωτοπούλου','1989-06-21',1,33,0,0,4),(153,'teacher','Ροδούλα','Καραμανλή','1987-09-16',1,35,1,0,1),(154,'teacher','Ευτυχία','Καδιανάκη','1971-07-18',1,51,1,0,5),(155,'teacher','Αλίκη','Παπαδάκη','1966-02-18',1,57,0,1,2),(156,'teacher','Αγάπη','Μαρίνου','1975-06-10',1,47,0,0,4),(157,'teacher','Μυρσίνη','Βλάχου','1983-07-28',1,39,0,2,4),(158,'teacher','Χριστίνα','Παπανικολάου','1966-07-16',1,56,0,0,4),(159,'teacher','Ευσταθία','Μαυροματάκη','1983-07-16',1,39,0,0,3),(160,'teacher','Ναυσικά','Παναγιωτοπούλου','1971-04-10',1,52,0,1,6),(161,'teacher','Ναυσικά','Σταυρίδου','1970-02-25',1,53,0,0,3),(162,'teacher','Σοφία','Παπαναστασίου','1986-04-23',1,37,2,0,2),(163,'teacher','Χριστίνα','Τσιτσιμπίκου','1985-02-16',1,38,0,0,4),(164,'teacher','Αλίκη','Γεωργιάδου','1978-02-24',1,45,0,0,6),(165,'teacher','Αγγελική','Αναστασιάδου','1964-02-18',1,59,1,0,1),(166,'teacher','Αγγελική','Παπαϊωάννου','1964-03-13',1,59,1,0,4),(167,'teacher','Αθηνά','Καραμανλή','1995-07-17',1,27,0,0,4);
/*!40000 ALTER TABLE `simple_user` ENABLE KEYS */;
UNLOCK TABLES;

--
-- Table structure for table `sysadmin`
--

DROP TABLE IF EXISTS `sysadmin`;
/*!40101 SET @saved_cs_client     = @@character_set_client */;
/*!50503 SET character_set_client = utf8mb4 */;
CREATE TABLE `sysadmin` (
  `user_id` mediumint unsigned NOT NULL,
  `name` varchar(30) NOT NULL,
  `surname` varchar(30) NOT NULL,
  PRIMARY KEY (`user_id`)
) ENGINE=InnoDB DEFAULT CHARSET=utf8mb4 COLLATE=utf8mb4_0900_ai_ci;
/*!40101 SET character_set_client = @saved_cs_client */;

--
-- Dumping data for table `sysadmin`
--

LOCK TABLES `sysadmin` WRITE;
/*!40000 ALTER TABLE `sysadmin` DISABLE KEYS */;
INSERT INTO `sysadmin` VALUES (1,'Παναγιώτης','Μπαλτάκος');
/*!40000 ALTER TABLE `sysadmin` ENABLE KEYS */;
UNLOCK TABLES;

--
-- Table structure for table `users`
--

DROP TABLE IF EXISTS `users`;
/*!40101 SET @saved_cs_client     = @@character_set_client */;
/*!50503 SET character_set_client = utf8mb4 */;
CREATE TABLE `users` (
  `user_id` mediumint unsigned NOT NULL AUTO_INCREMENT,
  `username` varchar(50) NOT NULL,
  `password` varchar(50) NOT NULL,
  `email` varchar(50) NOT NULL,
  PRIMARY KEY (`user_id`),
  UNIQUE KEY `username` (`username`),
  UNIQUE KEY `email` (`email`),
  KEY `idx_username` (`username`),
  KEY `idx_email` (`email`)
) ENGINE=InnoDB AUTO_INCREMENT=168 DEFAULT CHARSET=utf8mb4 COLLATE=utf8mb4_0900_ai_ci;
/*!40101 SET character_set_client = @saved_cs_client */;

--
-- Dumping data for table `users`
--

LOCK TABLES `users` WRITE;
/*!40000 ALTER TABLE `users` DISABLE KEYS */;
INSERT INTO `users` VALUES (1,'panbalt','password123','panbalt@example.com'),(2,'kostaskarapapas','password123','kostaskarapapas@example.com'),(3,'spyrosvlachos','password123','spyrosvlachos@example.com'),(4,'johnpapadop','password123','johnpapadop@example.com'),(5,'georgesavvidis','password123','georgesavvidis@example.com'),(6,'fotiskechagias','password123','fotiskechagias@example.com'),(7,'alexkougias','password123','alexkougias@example.com'),(8,'student1','12345678','student1@example.com'),(9,'student2','12345678','student2@example.com'),(10,'student3','12345678','student3@example.com'),(11,'student4','12345678','student4@example.com'),(12,'student5','12345678','student5@example.com'),(13,'student6','12345678','student6@example.com'),(14,'student7','12345678','student7@example.com'),(15,'student8','12345678','student8@example.com'),(16,'student9','12345678','student9@example.com'),(17,'student10','12345678','student10@example.com'),(18,'student11','12345678','student11@example.com'),(19,'student12','12345678','student12@example.com'),(20,'student13','12345678','student13@example.com'),(21,'student14','12345678','student14@example.com'),(22,'student15','12345678','student15@example.com'),(23,'student16','12345678','student16@example.com'),(24,'student17','12345678','student17@example.com'),(25,'student18','12345678','student18@example.com'),(26,'student19','12345678','student19@example.com'),(27,'student20','12345678','student20@example.com'),(28,'student21','12345678','student21@example.com'),(29,'student22','12345678','student22@example.com'),(30,'student23','12345678','student23@example.com'),(31,'student24','12345678','student24@example.com'),(32,'student25','12345678','student25@example.com'),(33,'student26','12345678','student26@example.com'),(34,'student27','12345678','student27@example.com'),(35,'student28','12345678','student28@example.com'),(36,'student29','12345678','student29@example.com'),(37,'student30','12345678','student30@example.com'),(38,'student31','12345678','student31@example.com'),(39,'student32','12345678','student32@example.com'),(40,'student33','12345678','student33@example.com'),(41,'student34','12345678','student34@example.com'),(42,'student35','12345678','student35@example.com'),(43,'student36','12345678','student36@example.com'),(44,'student37','12345678','student37@example.com'),(45,'student38','12345678','student38@example.com'),(46,'student39','12345678','student39@example.com'),(47,'student40','12345678','student40@example.com'),(48,'student41','12345678','student41@example.com'),(49,'student42','12345678','student42@example.com'),(50,'student43','12345678','student43@example.com'),(51,'student44','12345678','student44@example.com'),(52,'student45','12345678','student45@example.com'),(53,'student46','12345678','student46@example.com'),(54,'student47','12345678','student47@example.com'),(55,'student48','12345678','student48@example.com'),(56,'student49','12345678','student49@example.com'),(57,'student50','12345678','student50@example.com'),(58,'student51','12345678','student51@example.com'),(59,'student52','12345678','student52@example.com'),(60,'student53','12345678','student53@example.com'),(61,'student54','12345678','student54@example.com'),(62,'student55','12345678','student55@example.com'),(63,'student56','12345678','student56@example.com'),(64,'student57','12345678','student57@example.com'),(65,'student58','12345678','student58@example.com'),(66,'student59','12345678','student59@example.com'),(67,'student60','12345678','student60@example.com'),(68,'student61','12345678','student61@example.com'),(69,'student62','12345678','student62@example.com'),(70,'student63','12345678','student63@example.com'),(71,'student64','12345678','student64@example.com'),(72,'student65','12345678','student65@example.com'),(73,'student66','12345678','student66@example.com'),(74,'student67','12345678','student67@example.com'),(75,'student68','12345678','student68@example.com'),(76,'student69','12345678','student69@example.com'),(77,'student70','12345678','student70@example.com'),(78,'student71','12345678','student71@example.com'),(79,'student72','12345678','student72@example.com'),(80,'student73','12345678','student73@example.com'),(81,'student74','12345678','student74@example.com'),(82,'student75','12345678','student75@example.com'),(83,'student76','12345678','student76@example.com'),(84,'student77','12345678','student77@example.com'),(85,'student78','12345678','student78@example.com'),(86,'student79','12345678','student79@example.com'),(87,'student80','12345678','student80@example.com'),(88,'student81','12345678','student81@example.com'),(89,'student82','12345678','student82@example.com'),(90,'student83','12345678','student83@example.com'),(91,'student84','12345678','student84@example.com'),(92,'student85','12345678','student85@example.com'),(93,'student86','12345678','student86@example.com'),(94,'student87','12345678','student87@example.com'),(95,'student88','12345678','student88@example.com'),(96,'student89','12345678','student89@example.com'),(97,'student90','12345678','student90@example.com'),(98,'student91','12345678','student91@example.com'),(99,'student92','12345678','student92@example.com'),(100,'student93','12345678','student93@example.com'),(101,'student94','12345678','student94@example.com'),(102,'student95','12345678','student95@example.com'),(103,'student96','12345678','student96@example.com'),(104,'student97','12345678','student97@example.com'),(105,'student98','12345678','student98@example.com'),(106,'student99','12345678','student99@example.com'),(107,'student100','12345678','student100@example.com'),(108,'student101','12345678','student101@example.com'),(109,'student102','12345678','student102@example.com'),(110,'student103','12345678','student103@example.com'),(111,'student104','12345678','student104@example.com'),(112,'student105','12345678','student105@example.com'),(113,'student106','12345678','student106@example.com'),(114,'student107','12345678','student107@example.com'),(115,'student108','12345678','student108@example.com'),(116,'student109','12345678','student109@example.com'),(117,'student110','12345678','student110@example.com'),(118,'student111','12345678','student111@example.com'),(119,'student112','12345678','student112@example.com'),(120,'student113','12345678','student113@example.com'),(121,'student114','12345678','student114@example.com'),(122,'student115','12345678','student115@example.com'),(123,'student116','12345678','student116@example.com'),(124,'student117','12345678','student117@example.com'),(125,'student118','12345678','student118@example.com'),(126,'student119','12345678','student119@example.com'),(127,'student120','12345678','student120@example.com'),(128,'teacher1','12345678','teacher1@example.com'),(129,'teacher2','12345678','teacher2@example.com'),(130,'teacher3','12345678','teacher3@example.com'),(131,'teacher4','12345678','teacher4@example.com'),(132,'teacher5','12345678','teacher5@example.com'),(133,'teacher6','12345678','teacher6@example.com'),(134,'teacher7','12345678','teacher7@example.com'),(135,'teacher8','12345678','teacher8@example.com'),(136,'teacher9','12345678','teacher9@example.com'),(137,'teacher10','12345678','teacher10@example.com'),(138,'teacher11','12345678','teacher11@example.com'),(139,'teacher12','12345678','teacher12@example.com'),(140,'teacher13','12345678','teacher13@example.com'),(141,'teacher14','12345678','teacher14@example.com'),(142,'teacher15','12345678','teacher15@example.com'),(143,'teacher16','12345678','teacher16@example.com'),(144,'teacher17','12345678','teacher17@example.com'),(145,'teacher18','12345678','teacher18@example.com'),(146,'teacher19','12345678','teacher19@example.com'),(147,'teacher20','12345678','teacher20@example.com'),(148,'teacher21','12345678','teacher21@example.com'),(149,'teacher22','12345678','teacher22@example.com'),(150,'teacher23','12345678','teacher23@example.com'),(151,'teacher24','12345678','teacher24@example.com'),(152,'teacher25','12345678','teacher25@example.com'),(153,'teacher26','12345678','teacher26@example.com'),(154,'teacher27','12345678','teacher27@example.com'),(155,'teacher28','12345678','teacher28@example.com'),(156,'teacher29','12345678','teacher29@example.com'),(157,'teacher30','12345678','teacher30@example.com'),(158,'teacher31','12345678','teacher31@example.com'),(159,'teacher32','12345678','teacher32@example.com'),(160,'teacher33','12345678','teacher33@example.com'),(161,'teacher34','12345678','teacher34@example.com'),(162,'teacher35','12345678','teacher35@example.com'),(163,'teacher36','12345678','teacher36@example.com'),(164,'teacher37','12345678','teacher37@example.com'),(165,'teacher38','12345678','teacher38@example.com'),(166,'teacher39','12345678','teacher39@example.com'),(167,'teacher40','12345678','teacher40@example.com');
/*!40000 ALTER TABLE `users` ENABLE KEYS */;
UNLOCK TABLES;
/*!40103 SET TIME_ZONE=@OLD_TIME_ZONE */;

/*!40101 SET SQL_MODE=@OLD_SQL_MODE */;
/*!40014 SET FOREIGN_KEY_CHECKS=@OLD_FOREIGN_KEY_CHECKS */;
/*!40014 SET UNIQUE_CHECKS=@OLD_UNIQUE_CHECKS */;
/*!40101 SET CHARACTER_SET_CLIENT=@OLD_CHARACTER_SET_CLIENT */;
/*!40101 SET CHARACTER_SET_RESULTS=@OLD_CHARACTER_SET_RESULTS */;
/*!40101 SET COLLATION_CONNECTION=@OLD_COLLATION_CONNECTION */;
/*!40111 SET SQL_NOTES=@OLD_SQL_NOTES */;

-- Dump completed on 2023-06-04 15:34:08
